Distance_(pixels),Gray_Value
0,20.2583
1,20.0833
2,20.1583
3,20.2500
4,20.1917
5,20.2500
6,20.4000
7,20.6333
8,20.4750
9,20.5667
10,20.7417
11,20.9833
12,21.3333
13,21.4333
14,21.6083
15,21.8500
16,22.1250
17,22.3750
18,22.3333
19,22.8083
20,23.1083
21,23.5500
22,23.8333
23,24.3333
24,24.7833
25,25.1083
26,25.8333
27,26.2250
28,26.9083
29,27.3417
30,27.8583
31,28.3000
32,29.1500
33,29.9000
34,30.4667
35,31.4000
36,32.1917
37,32.9417
38,35.1333
39,34.6583
40,35.8333
41,36.9083
42,37.7000
43,38.8667
44,39.8583
45,41.4167
46,42.7750
47,44.0250
48,45.6167
49,47.0333
50,48.6083
51,50.3167
52,51.9833
53,53.3500
54,55.2833
55,57.0917
56,58.6250
57,60.4083
58,62.2667
59,63.8250
60,65.7917
61,67.6250
62,69.2417
63,71.2250
64,72.6583
65,74.4500
66,76.6000
67,77.5500
68,78.7667
69,80.1917
70,81.2417
71,81.8667
72,82.4583
73,82.5750
74,82.6417
75,82.7167
76,82.5750
77,82.1250
78,81.4250
79,80.0667
80,78.7500
81,77.1750
82,75.7583
83,73.8917
84,72.1750
85,69.7500
86,67.2583
87,64.9917
88,62.9167
89,60.7500
90,58.3833
91,56.2000
92,54.1833
93,52.2000
94,50.3000
95,48.4750
96,46.8583
97,45.4750
98,44.6750
99,43.4000
100,42.4750
101,41.6917
102,41.1833
103,40.4417
104,40.3083
105,39.7333
106,39.7167
107,39.1583
108,39.1083
109,38.8750
110,38.8167
111,38.6833
112,38.7417
113,38.6917
114,38.5000
115,38.9500
116,38.9917
117,39.2167
118,39.4583
119,40.0000
120,40.1583
121,40.9167
122,41.2917
123,41.7083
124,42.7000
125,43.3500
126,43.9917
127,44.7417
128,45.6500
129,46.5167
130,47.1417
131,48.3750
132,49.3667
133,50.9083
134,51.8667
135,53.2417
136,54.4417
137,55.9000
138,57.1917
139,58.7667
140,60.5667
141,61.8917
142,63.7583
143,65.2333
144,67.0000
145,68.8167
146,70.1833
147,71.9500
148,73.3250
149,74.9417
150,76.4583
151,77.8000
152,78.8917
153,80.0833
154,80.8917
155,81.3667
156,81.9917
157,81.9167
158,82.0500
159,81.7333
160,81.3333
161,81.1250
162,80.4167
163,79.1000
164,77.6583
165,76.6083
166,74.8167
167,72.8667
168,70.6667
169,68.3500
170,65.7667
171,63.5333
172,60.9417
173,58.4500
174,55.9583
175,53.6750
176,50.8750
177,48.5917
178,46.4417
179,44.3833
180,42.4833
181,40.7417
182,39.0417
183,37.5917
184,36.2250
185,34.8417
186,33.8333
187,32.8000
188,31.9000
189,31.0083
190,30.0667
191,29.5250
192,28.8333
193,28.2083
194,27.7083
195,27.0750
196,26.2917
197,25.9583
198,25.4583
199,25.0417
200,24.5583
201,24.1917
202,23.8000
203,23.6083
204,23.3250
205,23.0000
206,22.6917
207,22.5167
208,22.4750
209,22.2000
210,22.1000
211,22.0750
212,21.8833
213,21.8667
214,21.6583
215,21.6917
216,21.6250
217,21.4750
218,22.4083
219,21.3167
220,21.4167
221,21.4750
222,21.5083
223,21.5667
224,21.4667
225,21.7333
226,21.8250
227,21.9583
228,22.0250
229,22.2917
230,22.4167
231,22.7500
232,23.0000
233,23.1000
234,23.1917
235,23.6417
236,24.2083
237,24.3333
238,24.5250
239,25.0500
240,25.6333
241,25.5833
242,26.2083
243,26.7250
244,27.3833
245,27.9417
246,28.3250
247,28.9583
248,29.8833
249,30.6750
250,31.0583
251,31.3833
252,32.5750
253,33.6917
254,34.5167
255,35.2167
256,35.9083
257,36.9750
258,38.1500
259,39.6333
260,40.8917
261,41.9167
262,42.6333
263,43.7333
264,45.0583
265,46.8667
266,48.9583
267,50.5750
268,52.4167
269,54.1167
270,55.7500
271,57.4250
272,58.6833
273,60.2833
274,61.9417
275,63.7583
276,65.9833
277,68.1667
278,70.1250
279,72.1167
280,74.3750
281,76.8500
282,78.1500
283,80.1000
284,81.7250
285,82.9083
286,83.9750
287,85.0333
288,86.0583
289,86.2000
290,86.6833
291,86.7583
292,86.8167
293,86.8250
294,86.6333
295,86.2500
296,85.3417
297,84.6750
298,83.4833
299,82.5917
300,81.4750
301,79.3917
302,77.4583
303,74.8917
304,72.4083
305,69.3000
306,66.8000
307,64.0083
308,62.0667
309,60.1833
310,58.3833
311,56.7333
312,54.2000
313,52.2917
314,50.4583
315,49.0250
316,47.9583
317,47.2167
318,46.0500
319,44.8167
320,43.8000
321,43.7667
322,43.4500
323,43.2000
324,42.4583
325,41.8833
326,42.1250
327,41.8000
328,42.2333
329,41.7000
330,41.6917
331,42.0083
332,42.2167
333,42.1583
334,42.4333
335,42.8000
336,43.1000
337,43.2750
338,43.6917
339,44.4250
340,44.6250
341,45.2417
342,46.0833
343,46.4167
344,47.3333
345,48.1750
346,49.2833
347,50.1083
348,51.3500
349,52.3083
350,53.4417
351,54.8667
352,56.0417
353,57.6417
354,58.9167
355,60.2750
356,62.0250
357,64.0333
358,65.2167
359,66.9333
360,68.6750
361,70.8667
362,72.6083
363,74.6833
364,76.1000
365,77.8333
366,79.7083
367,81.2833
368,83.0583
369,84.3167
370,85.4917
371,86.3000
372,86.8000
373,87.5250
374,88.0333
375,88.4750
376,88.2917
377,88.2833
378,88.1167
379,87.9833
380,87.5250
381,86.4000
382,85.5750
383,84.7667
384,83.5750
385,81.5417
386,79.3750
387,76.7917
388,73.9417
389,71.4583
390,68.5917
391,66.4833
392,63.6500
393,60.8583
394,58.3667
395,55.4167
396,53.0917
397,50.6417
398,48.6833
399,46.5833
400,44.9250
401,42.8833
402,41.2167
403,39.9833
404,38.2250
405,37.1250
406,36.1833
407,35.1667
408,34.0000
409,33.3000
410,32.3417
411,31.9750
412,30.9500
413,30.3917
414,29.8083
415,29.2500
416,28.8917
417,28.1333
418,27.5333
419,27.0667
420,26.5250
421,26.2833
422,25.7583
423,25.4000
424,25.2667
425,24.9667
426,24.5083
427,24.4167
428,24.0500
429,24.0750
430,24.0583
431,23.9667
432,24.0500
433,23.7083
434,23.6417
435,23.7667
436,23.6667
437,23.4333
438,23.3833
439,23.3000
440,23.4000
441,23.5250
442,23.6667
443,23.6417
444,23.9000
445,23.8000
446,23.8667
447,23.9667
448,24.3000
449,24.5667
450,24.5167
451,24.8250
452,24.9583
453,25.3250
454,25.4583
455,25.8750
456,26.3167
457,26.3333
458,27.0333
459,27.4167
460,27.6667
461,27.9167
462,28.7917
463,29.4333
464,29.7167
465,30.5500
466,31.0167
467,31.6500
468,32.4000
469,33.0250
470,34.1333
471,35.0917
472,35.7083
473,36.7083
474,37.3833
475,38.6000
476,39.4417
477,40.5250
478,41.8417
479,42.6167
480,44.2583
481,45.4000
482,46.8917
483,48.3417
484,49.9583
485,51.3083
486,53.0250
487,54.7333
488,56.7583
489,58.5417
490,60.4083
491,62.4917
492,64.5167
493,66.5833
494,68.0750
495,70.3750
496,72.4917
497,74.7333
498,77.1000
499,79.1000
500,81.2250
501,83.3500
502,84.8750
503,86.5417
504,87.9917
505,89.5083
506,90.4167
507,90.9333
508,91.5917
509,92.3750
510,92.4667
511,92.7250
512,92.9500
513,92.8500
514,92.6667
515,92.2833
516,92.0417
517,91.0167
518,90.0500
519,89.5000
520,88.0083
521,86.4583
522,85.2000
523,82.8667
524,80.7750
525,78.3667
526,76.1250
527,73.0750
528,70.5500
529,67.7167
530,65.1833
531,62.9167
532,60.7000
533,58.9000
534,56.4583
535,55.0000
536,53.3750
537,51.9333
538,50.9000
539,49.8333
540,48.8583
541,48.2000
542,47.4417
543,46.6000
544,46.4667
545,46.2833
546,45.7833
547,45.5750
548,45.2500
549,45.5000
550,45.4083
551,45.3833
552,45.4000
553,45.3250
554,45.5083
555,45.7750
556,45.9500
557,46.5333
558,46.7750
559,47.1250
560,47.6417
561,48.3000
562,48.8000
563,49.5500
564,50.2167
565,50.9667
566,51.9250
567,52.9000
568,53.9833
569,54.9917
570,56.2750
571,57.3167
572,58.7500
573,59.6167
574,61.1917
575,62.9417
576,64.4083
577,66.0417
578,67.7833
579,69.6417
580,71.4250
581,73.3500
582,75.0583
583,77.1333
584,78.9250
585,81.1500
586,82.5417
587,84.1917
588,85.7250
589,86.9917
590,87.9500
591,88.6917
592,89.5667
593,90.2667
594,90.9417
595,91.1167
596,91.4500
597,91.8250
598,91.5000
599,91.6833
600,91.0500
601,90.8250
602,90.1667
603,89.7750
604,88.7167
605,87.6583
606,86.0000
607,84.5750
608,82.9083
609,80.9833
610,78.9500
611,76.0500
612,73.1250
613,70.2583
614,67.0333
615,64.3917
616,61.3667
617,58.5167
618,55.7917
619,53.6833
620,51.2667
621,49.3000
622,47.2917
623,45.4167
624,43.6583
625,42.0917
626,40.8083
627,39.7000
628,38.2583
629,37.1917
630,36.1917
631,35.5083
632,34.7583
633,34.0250
634,33.1083
635,32.3333
636,31.4667
637,30.8833
638,30.4000
639,29.8083
640,29.3833
641,28.7667
642,28.2417
643,27.7750
644,27.4583
645,27.1250
646,26.7750
647,26.5917
648,26.4167
649,26.1000
650,25.9833
651,25.7583
652,25.5750
653,25.4083
654,25.4917
655,25.2833
656,25.1750
657,24.9750
658,24.8583
659,25.1167
660,25.0500
661,24.7750
662,24.9417
663,24.9667
664,25.0083
665,24.8917
666,25.1000
667,25.2417
668,25.0250
669,25.3667
670,25.3833
671,25.7500
672,25.8333
673,25.9750
674,26.2083
675,26.4250
676,26.9250
677,27.2500
678,27.6167
679,28.0083
680,28.3750
681,28.6500
682,29.1167
683,29.4167
684,29.9333
685,30.4000
686,31.0167
687,31.4583
688,32.0583
689,32.7333
690,33.5917
691,34.4167
692,34.7917
693,35.7167
694,36.8000
695,37.8167
696,38.4333
697,39.2083
698,40.4000
699,41.7750
700,42.9000
701,44.1333
702,45.2667
703,46.5833
704,48.0417
705,49.1500
706,50.6667
707,52.4417
708,53.9583
709,55.8250
710,57.5583
711,59.8167
712,61.4250
713,63.2917
714,65.6000
715,67.4667
716,69.5667
717,72.0000
718,74.0750
719,76.0500
720,78.7917
721,81.0750
722,83.4917
723,84.9417
724,86.6000
725,88.3000
726,89.9500
727,91.2333
728,92.4333
729,93.4083
730,94.1750
731,94.7083
732,95.4750
733,95.8583
734,96.2583
735,96.2083
736,96.2417
737,96.1167
738,95.6500
739,95.3167
740,94.6083
741,93.8333
742,92.7583
743,91.9500
744,90.8083
745,89.3667
746,87.9000
747,85.9417
748,84.0833
749,81.5000
750,78.7000
751,75.7833
752,72.9583
753,70.4833
754,68.2833
755,65.3667
756,63.1500
757,61.0417
758,59.2000
759,57.4167
760,55.6750
761,54.6333
762,53.2500
763,52.4000
764,51.3917
765,50.8333
766,50.0750
767,49.4250
768,49.0083
769,48.9833
770,48.6833
771,48.4833
772,48.1417
773,47.9667
774,48.2750
775,47.9417
776,47.8833
777,48.1083
778,48.0833
779,48.6750
780,48.9917
781,48.9500
782,49.2500
783,50.1000
784,50.4583
785,51.1250
786,51.6750
787,52.3333
788,53.2250
789,54.2583
790,55.3917
791,56.1500
792,57.2583
793,58.3250
794,59.5583
795,60.8667
796,62.2917
797,63.5500
798,65.0583
799,66.5167
800,68.1167
801,70.0000
802,71.7500
803,73.6083
804,75.2917
805,77.4000
806,79.6500
807,81.2833
808,83.2250
809,85.2667
810,87.1333
811,88.3250
812,89.5167
813,91.0000
814,92.0083
815,93.1167
816,93.9250
817,94.7500
818,95.3667
819,95.9167
820,96.1083
821,96.1917
822,96.3667
823,96.5000
824,96.0750
825,95.8500
826,95.3167
827,94.6583
828,93.5583
829,92.9667
830,91.5417
831,90.1333
832,88.4500
833,86.8583
834,84.8167
835,82.3583
836,79.7750
837,76.3000
838,73.2750
839,70.6417
840,67.6000
841,64.7750
842,61.8500
843,58.8917
844,56.6750
845,54.3417
846,51.5750
847,49.5333
848,47.8417
849,46.1000
850,44.6083
851,43.1750
852,41.9000
853,40.6583
854,39.6917
855,38.6583
856,37.5250
857,36.7333
858,36.0083
859,35.1917
860,34.1667
861,33.7083
862,33.0583
863,32.3333
864,31.8000
865,31.2000
866,30.5833
867,30.1667
868,29.7750
869,29.3583
870,28.7000
871,28.6083
872,28.5083
873,28.1750
874,27.8583
875,27.8167
876,27.4917
877,27.4500
878,27.3750
879,27.1083
880,27.0167
881,26.8750
882,26.7333
883,26.4417
884,26.5750
885,26.4917
886,26.4917
887,26.6000
888,26.4917
889,26.5250
890,26.5750
891,26.4500
892,26.7000
893,26.8500
894,26.7167
895,26.9667
896,27.1250
897,27.5250
898,27.4167
899,27.7333
900,28.3417
901,28.5333
902,28.5750
903,29.0583
904,29.5500
905,29.7583
906,30.2000
907,30.6417
908,31.0167
909,31.6250
910,32.2333
911,32.5250
912,32.9917
913,33.8750
914,34.5333
915,35.1917
916,36.0417
917,36.7083
918,37.7167
919,38.7583
920,39.5750
921,40.3417
922,41.5083
923,42.1333
924,43.1333
925,44.1000
926,45.5500
927,46.8000
928,48.0250
929,49.6667
930,51.0250
931,52.3917
932,53.9833
933,55.8250
934,57.3333
935,59.4250
936,61.2167
937,63.2583
938,65.1583
939,66.5083
940,69.1250
941,71.2083
942,73.5083
943,75.7250
944,78.3417
945,80.4333
946,82.9917
947,85.1000
948,86.9167
949,89.0417
950,90.6833
951,92.3917
952,93.6583
953,94.8000
954,96.1500
955,96.9667
956,98.0583
957,98.7667
958,99.1333
959,99.7167
960,100.1917
961,100.0583
962,100.4417
963,99.8333
964,99.8167
965,99.5167
966,99.0583
967,98.3000
968,97.4917
969,97.1417
970,95.1833
971,94.0667
972,92.7417
973,90.7917
974,88.7750
975,86.7000
976,84.4000
977,81.4917
978,78.9000
979,75.6167
980,73.0667
981,70.3167
982,67.7250
983,65.6667
984,63.0417
985,60.9750
986,59.3500
987,57.6667
988,56.1750
989,55.0917
990,54.3583
991,53.4500
992,52.7583
993,51.9500
994,51.4833
995,51.0667
996,50.4833
997,50.3583
998,50.4667
999,50.2167
1000,50.1583
1001,50.1417
1002,50.0333
1003,50.1250
1004,50.1833
1005,50.6333
1006,50.4083
1007,50.8917
1008,51.3167
1009,51.6583
1010,52.1000
1011,52.5083
1012,53.3500
1013,54.1417
1014,54.8750
1015,55.7750
1016,56.6250
1017,57.5500
1018,58.3583
1019,59.6167
1020,60.6667
1021,61.8333
1022,63.2750
1023,64.6750
1024,66.1500
1025,67.6500
1026,69.4500
1027,70.7750
1028,72.7000
1029,74.5250
1030,76.2500
1031,78.2333
1032,80.2083
1033,82.2750
1034,84.3667
1035,86.6917
1036,88.2417
1037,89.7083
1038,91.1000
1039,92.7167
1040,94.2833
1041,95.4583
1042,96.2833
1043,96.8500
1044,97.8500
1045,98.0833
1046,98.9750
1047,99.3583
1048,99.8667
1049,99.7500
1050,99.7833
1051,99.6167
1052,99.3667
1053,98.8250
1054,98.2750
1055,97.5667
1056,96.5500
1057,95.3917
1058,94.0500
1059,92.7583
1060,91.0917
1061,89.1000
1062,87.0500
1063,84.4333
1064,81.3250
1065,77.9917
1066,74.8167
1067,71.3750
1068,68.5250
1069,65.5833
1070,62.7833
1071,60.0917
1072,57.6000
1073,55.0500
1074,52.9167
1075,50.6833
1076,48.6667
1077,47.1167
1078,45.6250
1079,44.0500
1080,42.7750
1081,41.6500
1082,40.6083
1083,39.6083
1084,38.4583
1085,37.5333
1086,36.4000
1087,35.7833
1088,34.9250
1089,34.3667
1090,33.6583
1091,32.8417
1092,32.3000
1093,31.9333
1094,31.1417
1095,30.6167
1096,30.3167
1097,29.9333
1098,29.4417
1099,29.0333
1100,28.7667
1101,28.4000
1102,28.1667
1103,28.1583
1104,28.1083
1105,27.8750
1106,27.6833
1107,27.5583
1108,27.2333
1109,27.1417
1110,27.1583
1111,27.0417
1112,27.0833
1113,26.8167
1114,26.9000
1115,26.7083
1116,26.8000
1117,26.6583
1118,26.8500
1119,26.7417
1120,26.8083
1121,27.0917
1122,27.0083
1123,27.3333
1124,27.4333
1125,27.8417
1126,27.8583
1127,27.9083
1128,28.1083
1129,28.2583
1130,28.5083
1131,28.8917
1132,29.4417
1133,29.7583
1134,30.2167
1135,30.6083
1136,30.8333
1137,31.2583
1138,31.7583
1139,32.1750
1140,32.8833
1141,33.6167
1142,34.0917
1143,34.7333
1144,35.4333
1145,36.3667
1146,37.0833
1147,37.9000
1148,38.7083
1149,39.5750
1150,40.7500
1151,41.4667
1152,42.8583
1153,43.9083
1154,45.2250
1155,46.1583
1156,47.3667
1157,48.8083
1158,50.2250
1159,51.3500
1160,52.6833
1161,54.3917
1162,56.2917
1163,57.9583
1164,60.4500
1165,62.1417
1166,64.0167
1167,65.7667
1168,68.1417
1169,70.4250
1170,72.2250
1171,74.4417
1172,76.5500
1173,79.1833
1174,81.6417
1175,84.1333
1176,86.4167
1177,88.7083
1178,90.4583
1179,91.9250
1180,93.2500
1181,94.8000
1182,95.9750
1183,97.2250
1184,98.2583
1185,99.2500
1186,100.0167
1187,100.4750
1188,100.9667
1189,101.2250
1190,101.3083
1191,101.7917
1192,101.7583
1193,101.3750
1194,101.0583
1195,100.4583
1196,99.8917
1197,99.0000
1198,97.9333
1199,97.5833
1200,95.8000
1201,93.9000
1202,92.6333
1203,90.7833
1204,88.9083
1205,86.5583
1206,84.1167
1207,81.2083
1208,78.1917
1209,75.3083
1210,73.1000
1211,70.1667
1212,67.8083
1213,65.4583
1214,63.6000
1215,61.4417
1216,59.8000
1217,58.2667
1218,56.8583
1219,55.7500
1220,54.3583
1221,53.8000
1222,52.9333
1223,52.4667
1224,51.6667
1225,51.5167
1226,51.1250
1227,50.8833
1228,50.6583
1229,50.4333
1230,50.0417
1231,49.8583
1232,50.0333
1233,50.0417
1234,49.7667
1235,50.0083
1236,50.1667
1237,50.3500
1238,50.8167
1239,51.2500
1240,51.6000
1241,52.1417
1242,52.7583
1243,53.4917
1244,54.5083
1245,55.2250
1246,56.1917
1247,57.2000
1248,58.2167
1249,59.3333
1250,60.1667
1251,61.3917
1252,62.9500
1253,64.3667
1254,65.1083
1255,66.6000
1256,68.3500
1257,70.1083
1258,72.0167
1259,73.6500
1260,75.5167
1261,77.4167
1262,79.5250
1263,81.4833
1264,83.8250
1265,86.0833
1266,88.1750
1267,89.7500
1268,91.1583
1269,92.8000
1270,93.7333
1271,94.5917
1272,95.9000
1273,96.6500
1274,97.5083
1275,97.8750
1276,98.2750
1277,98.8000
1278,99.1500
1279,99.4917
1280,99.1417
1281,99.0583
1282,98.9083
1283,98.7833
1284,98.4250
1285,97.5750
1286,96.5833
1287,95.6167
1288,94.3417
1289,93.1333
1290,91.3583
1291,89.2250
1292,87.6167
1293,85.3000
1294,82.4250
1295,79.2083
1296,76.3000
1297,73.1000
1298,70.2833
1299,67.2250
1300,64.5833
1301,61.8000
1302,59.0917
1303,56.4667
1304,54.1167
1305,52.0250
1306,49.8500
1307,47.8833
1308,46.1833
1309,44.8583
1310,43.3417
1311,42.1417
1312,40.6917
1313,39.7500
1314,38.9167
1315,37.7750
1316,36.7500
1317,35.9667
1318,35.4667
1319,34.5833
1320,33.6917
1321,33.4000
1322,32.6750
1323,31.7417
1324,31.3833
1325,30.6500
1326,30.0750
1327,29.7833
1328,29.4250
1329,28.8917
1330,28.6250
1331,28.2417
1332,27.9750
1333,27.8583
1334,27.6917
1335,27.3750
1336,27.0500
1337,26.9417
1338,26.9417
1339,26.4667
1340,26.5500
1341,26.2917
1342,26.2417
1343,26.4250
1344,26.2000
1345,26.3167
1346,26.1833
1347,26.3000
1348,26.1333
1349,26.1167
1350,26.0083
1351,26.3000
1352,26.5083
1353,26.7417
1354,26.8083
1355,26.8000
1356,27.1083
1357,27.0500
1358,27.2500
1359,27.3917
1360,27.7667
1361,27.8583
1362,28.2667
1363,28.6917
1364,29.0000
1365,29.3917
1366,29.3667
1367,30.0000
1368,30.4083
1369,30.7750
1370,31.2833
1371,31.7750
1372,32.4250
1373,32.8750
1374,33.5250
1375,34.2500
1376,34.8333
1377,35.4917
1378,36.2833
1379,36.9833
1380,37.9333
1381,38.7333
1382,39.7833
1383,40.5083
1384,41.7250
1385,42.8083
1386,43.6000
1387,45.0917
1388,45.9667
1389,47.5667
1390,48.4500
1391,49.8333
1392,51.2917
1393,53.0333
1394,54.3250
1395,56.1250
1396,58.1833
1397,59.8500
1398,61.8583
1399,63.4417
1400,65.5000
1401,67.2000
1402,69.7333
1403,71.9500
1404,73.9667
1405,76.4000
1406,78.8667
1407,81.0833
1408,83.7583
1409,86.1417
1410,88.0333
1411,89.8083
1412,91.5500
1413,92.9417
1414,93.9583
1415,95.3417
1416,96.8333
1417,97.6000
1418,98.3833
1419,98.8417
1420,99.4917
1421,100.0167
1422,100.1250
1423,100.3167
1424,100.3833
1425,100.3750
1426,99.8417
1427,99.5500
1428,99.0083
1429,98.4750
1430,97.7833
1431,96.7667
1432,95.3417
1433,94.2500
1434,92.7250
1435,91.0333
1436,89.2167
1437,87.4417
1438,84.9000
1439,82.2083
1440,79.4417
1441,76.3917
1442,73.5417
1443,71.0250
1444,68.4750
1445,65.9250
1446,63.8250
1447,61.7833
1448,59.8500
1449,58.4333
1450,56.8500
1451,55.6583
1452,54.6917
1453,53.7583
1454,52.9500
1455,52.5417
1456,51.7333
1457,50.9750
1458,50.6667
1459,50.4917
1460,50.4333
1461,50.0500
1462,49.9167
1463,49.9417
1464,49.7250
1465,49.8333
1466,49.8333
1467,49.8250
1468,49.9167
1469,50.2917
1470,50.3833
1471,50.9083
1472,51.2000
1473,51.7333
1474,52.3833
1475,52.8000
1476,53.5250
1477,54.2750
1478,54.7583
1479,55.4583
1480,56.4250
1481,57.7750
1482,58.5583
1483,59.4667
1484,60.8917
1485,61.8667
1486,63.4083
1487,64.5917
1488,66.1083
1489,67.5917
1490,69.2250
1491,70.8333
1492,72.5333
1493,74.2667
1494,75.9917
1495,78.2333
1496,80.4083
1497,82.5083
1498,84.3333
1499,86.3333
1500,88.1667
1501,89.8917
1502,90.9667
1503,92.7000
1504,94.0667
1505,95.2333
1506,96.0833
1507,96.6750
1508,97.3167
1509,98.0583
1510,98.5833
1511,99.2250
1512,99.5917
1513,99.6250
1514,99.4583
1515,99.2000
1516,98.9667
1517,98.9667
1518,98.4583
1519,97.6000
1520,96.7500
1521,95.6667
1522,94.4833
1523,93.0083
1524,91.7917
1525,89.9333
1526,88.4167
1527,85.7167
1528,82.5000
1529,78.9667
1530,75.9583
1531,72.3833
1532,69.2917
1533,66.2667
1534,63.8583
1535,60.9417
1536,58.3333
1537,55.9917
1538,53.9500
1539,51.8417
1540,49.8583
1541,48.1250
1542,46.0167
1543,44.5083
1544,43.2000
1545,41.7750
1546,40.7083
1547,39.7917
1548,38.7667
1549,37.7000
1550,37.0000
1551,35.8833
1552,35.0667
1553,34.2167
1554,33.7333
1555,33.3000
1556,32.2750
1557,32.0750
1558,31.1667
1559,30.7333
1560,30.4167
1561,29.9083
1562,29.5333
1563,29.0167
1564,28.8167
1565,28.2750
1566,27.8417
1567,27.5667
1568,27.6333
1569,27.5667
1570,27.1667
1571,26.9000
1572,26.9167
1573,26.7417
1574,26.6083
1575,26.4167
1576,26.6417
1577,26.4750
1578,26.1250
1579,26.1000
1580,26.0750
1581,26.1833
1582,26.1417
1583,26.1000
1584,26.1667
1585,26.2167
1586,26.3000
1587,26.4250
1588,26.5417
1589,26.7000
1590,26.8500
1591,26.8833
1592,27.0000
1593,27.0417
1594,27.5750
1595,27.5583
1596,27.9500
1597,28.1750
1598,28.6667
1599,29.0000
1600,29.3917
1601,29.7333
1602,30.0750
1603,30.3083
1604,31.1000
1605,31.5167
1606,32.0000
1607,32.4250
1608,32.9333
1609,33.7417
1610,34.2750
1611,34.8333
1612,35.6167
1613,36.3667
1614,37.2083
1615,38.2333
1616,38.6833
1617,39.8167
1618,40.8583
1619,41.5583
1620,42.7167
1621,43.7583
1622,44.9000
1623,46.1750
1624,47.7083
1625,49.0583
1626,50.5083
1627,51.3167
1628,52.8833
1629,54.3250
1630,56.1833
1631,58.3167
1632,59.8000
1633,61.6583
1634,63.1750
1635,65.2500
1636,67.1750
1637,69.7417
1638,72.0833
1639,73.7417
1640,75.8000
1641,78.0917
1642,80.3917
1643,82.7833
1644,85.0917
1645,86.8917
1646,89.2333
1647,91.3583
1648,93.5500
1649,94.6417
1650,96.3500
1651,97.2750
1652,98.2667
1653,99.0667
1654,99.8083
1655,100.5583
1656,101.0833
1657,101.4667
1658,101.6167
1659,101.6083
1660,102.0167
1661,101.9000
1662,101.8250
1663,101.8333
1664,101.2333
1665,100.7250
1666,99.9917
1667,99.0000
1668,97.9500
1669,96.3667
1670,94.8583
1671,93.2333
1672,90.8083
1673,88.6917
1674,86.0083
1675,83.3000
1676,80.3167
1677,77.5833
1678,75.0583
1679,72.1750
1680,70.0000
1681,67.4417
1682,65.2583
1683,63.1333
1684,61.1833
1685,59.8667
1686,58.4833
1687,57.4417
1688,56.1417
1689,55.6833
1690,54.8167
1691,54.2500
1692,53.3333
1693,52.7083
1694,52.3917
1695,52.1333
1696,51.5417
1697,50.6000
1698,50.0083
1699,49.9083
1700,49.5000
1701,49.5333
1702,49.4917
1703,49.5000
1704,50.0000
1705,50.5083
1706,50.5583
1707,50.7417
1708,50.9083
1709,51.1500
1710,51.3583
1711,51.1917
1712,51.6667
1713,52.4667
1714,53.0000
1715,53.7417
1716,54.4333
1717,55.2250
1718,56.4083
1719,57.4750
1720,58.6500
1721,59.8667
1722,61.0667
1723,62.6583
1724,64.1167
1725,65.7917
1726,66.9083
1727,68.2500
1728,70.1667
1729,71.8667
1730,72.9250
1731,74.2083
1732,75.5917
1733,76.4917
1734,77.4167
1735,78.9583
1736,80.1000
1737,81.8500
1738,83.1083
1739,84.4333
1740,85.3500
1741,86.5833
1742,87.4667
1743,88.4167
1744,89.6333
1745,90.7250
1746,91.4417
1747,92.0250
1748,92.5250
1749,93.0167
1750,92.9583
1751,94.0750
1752,94.4583
1753,94.4917
1754,94.6417
1755,94.3750
1756,94.2750
1757,93.8583
1758,93.1583
1759,92.0417
1760,90.6083
1761,88.7000
1762,86.8417
1763,84.6583
1764,82.0250
1765,79.2833
1766,76.2000
1767,73.2083
1768,70.2417
1769,67.3250
1770,63.8583
1771,61.4083
1772,58.7500
1773,55.8917
1774,53.6833
1775,50.8583
1776,48.4083
1777,46.4250
1778,44.1000
1779,42.2917
1780,40.6750
1781,39.1500
1782,37.8000
1783,36.1333
1784,35.4167
1785,34.2750
1786,33.3500
1787,32.7417
1788,32.0000
1789,31.3500
1790,30.8250
1791,30.4417
1792,29.9833
1793,29.3417
1794,29.2500
1795,28.8167
1796,28.4083
1797,28.2667
1798,28.0500
1799,27.6583
1800,27.3667
1801,27.1250
1802,26.8500
1803,26.6417
1804,26.3333
1805,26.1917
1806,25.9917
1807,25.8000
1808,25.3500
1809,24.8667
1810,24.4167
1811,24.0000
1812,23.9083
1813,23.6417
1814,23.3500
1815,23.4500
1816,23.2833
1817,23.5667
1818,23.6417
1819,23.9417
1820,24.2583
1821,24.7417
1822,25.0833
1823,25.6167
1824,26.1667
1825,26.4833
1826,26.7500
1827,27.2667
1828,27.4083
1829,27.6750
1830,27.9250
1831,28.1667
1832,28.5417
1833,28.6083
1834,29.0417
1835,29.5333
1836,29.7167
1837,30.1000
1838,30.4167
1839,30.7333
1840,30.9083
1841,31.1583
1842,31.3917
1843,31.4417
1844,31.6333
1845,31.7667
1846,32.0333
1847,32.2833
1848,32.7917
1849,33.5333
1850,34.1000
1851,35.2083
1852,36.0333
1853,36.9500
1854,38.1333
1855,39.2083
1856,40.2417
1857,41.4583
1858,42.4750
1859,43.3417
1860,44.5750
1861,45.3417
1862,46.6250
1863,47.3333
1864,48.6333
1865,49.5167
1866,50.9167
1867,52.0917
1868,53.6500
1869,55.0500
1870,56.9500
1871,58.7833
1872,60.6333
1873,62.7000
1874,65.3917
1875,67.2500
1876,69.1833
1877,70.8500
1878,72.8667
1879,74.8500
1880,76.7417
1881,78.7167
1882,81.2000
1883,83.4500
1884,86.0583
1885,88.8250
1886,90.8583
1887,92.5167
1888,93.7333
1889,95.0917
1890,96.4167
1891,97.3083
1892,98.5917
1893,99.3333
1894,100.3500
1895,100.9083
1896,101.5667
1897,101.6333
1898,102.1083
1899,102.0750
1900,102.1333
1901,101.8583
1902,101.6250
1903,100.6833
1904,100.7000
1905,99.9500
1906,99.0667
1907,97.7583
1908,96.8667
1909,95.6167
1910,93.9167
1911,92.0667
1912,90.2917
1913,87.8083
1914,85.2083
1915,82.3250
1916,79.6417
1917,76.8333
1918,74.3833
1919,71.7167
1920,69.0167
1921,67.0333
1922,64.8500
1923,63.1917
1924,61.2583
1925,59.1167
1926,57.4000
1927,56.2833
1928,55.1667
1929,54.0833
1930,53.4667
1931,52.5083
1932,51.5917
1933,51.0750
1934,50.8000
1935,50.2833
1936,49.8750
1937,49.4083
1938,49.2750
1939,49.3250
1940,49.4167
1941,49.0333
1942,49.2167
1943,48.7750
1944,48.8417
1945,48.9333
1946,49.5750
1947,49.9417
1948,50.3250
1949,50.6500
1950,50.7750
1951,51.3833
1952,52.2500
1953,53.0167
1954,53.7083
1955,54.2417
1956,55.1917
1957,56.3333
1958,57.3917
1959,57.8250
1960,58.9917
1961,60.3667
1962,61.7667
1963,62.6333
1964,63.6917
1965,65.2083
1966,66.8000
1967,68.4417
1968,70.2667
1969,71.9417
1970,73.5333
1971,75.1750
1972,77.6083
1973,80.0083
1974,81.6167
1975,83.1750
1976,85.3083
1977,87.1083
1978,89.6333
1979,91.1583
1980,92.6500
1981,94.0917
1982,95.0417
1983,96.4000
1984,97.5417
1985,98.3667
1986,99.0167
1987,99.3583
1988,100.0583
1989,100.8250
1990,101.1500
1991,101.3750
1992,101.1417
1993,101.2000
1994,100.9000
1995,100.5750
1996,99.9750
1997,99.4500
1998,98.8750
1999,97.5333
2000,96.4917
2001,95.3750
2002,93.8833
2003,92.2750
2004,90.4417
2005,87.8000
2006,85.3333
2007,82.3917
2008,78.9333
2009,76.4500
2010,72.8583
2011,69.9167
2012,66.9667
2013,63.7750
2014,61.4833
2015,58.6583
2016,56.4583
2017,53.7917
2018,51.7917
2019,49.7333
2020,47.9167
2021,46.2250
2022,44.9750
2023,43.3750
2024,42.0917
2025,40.9333
2026,39.8250
2027,38.9667
2028,37.8500
2029,37.1250
2030,36.3833
2031,35.4167
2032,34.7667
2033,33.8917
2034,33.3583
2035,32.6833
2036,31.9667
2037,31.4000
2038,30.7833
2039,30.2333
2040,29.6667
2041,29.4750
2042,28.7333
2043,28.3667
2044,28.2250
2045,27.9167
2046,27.8250
2047,27.5750
2048,27.0417
2049,27.0833
2050,26.9417
2051,26.6750
2052,26.5000
2053,26.6167
2054,26.4833
2055,26.2833
2056,26.1583
2057,26.1500
2058,25.9083
2059,25.9583
2060,25.8583
2061,25.9000
2062,25.8167
2063,25.7750
2064,25.9667
2065,26.0750
2066,26.2500
2067,26.3000
2068,26.4167
2069,26.7083
2070,26.6750
2071,26.9167
2072,27.1083
2073,27.2417
2074,27.3667
2075,27.8167
2076,28.0833
2077,27.9333
2078,28.2417
2079,28.4750
2080,28.8500
2081,29.1167
2082,29.5250
2083,29.7333
2084,30.0917
2085,30.6417
2086,31.1167
2087,31.7500
2088,32.3833
2089,32.8750
2090,33.6083
2091,34.0583
2092,34.4083
2093,35.1417
2094,35.6917
2095,36.5250
2096,37.3917
2097,38.0750
2098,38.9000
2099,39.8167
2100,40.2750
2101,41.6583
2102,42.7917
2103,44.2583
2104,45.0417
2105,45.9750
2106,47.4167
2107,48.5917
2108,49.9083
2109,51.3500
2110,52.7167
2111,54.4000
2112,56.1167
2113,57.8917
2114,59.6500
2115,61.5000
2116,63.0417
2117,64.6667
2118,66.8750
2119,68.9167
2120,70.9417
2121,73.5750
2122,76.0167
2123,78.2333
2124,80.3750
2125,83.0250
2126,84.9750
2127,87.2333
2128,89.6333
2129,91.2333
2130,93.2417
2131,94.7667
2132,96.1750
2133,97.4333
2134,98.4333
2135,99.8000
2136,100.4750
2137,101.2917
2138,101.6667
2139,102.3250
2140,102.7167
2141,102.9167
2142,103.3250
2143,103.4417
2144,103.3750
2145,103.1750
2146,102.7083
2147,102.0917
2148,101.4917
2149,100.5417
2150,99.2583
2151,98.5333
2152,96.9583
2153,95.5250
2154,94.1083
2155,92.3333
2156,90.4250
2157,87.8167
2158,84.8583
2159,82.1000
2160,79.3167
2161,76.5250
2162,73.7417
2163,71.3000
2164,68.9917
2165,66.7250
2166,64.3417
2167,62.2000
2168,60.4833
2169,58.7167
2170,57.2417
2171,56.0417
2172,55.0417
2173,53.9583
2174,52.9333
2175,52.3167
2176,51.7167
2177,51.2917
2178,50.9917
2179,50.4917
2180,50.0833
2181,49.7917
2182,49.5667
2183,49.8000
2184,49.6667
2185,49.4917
2186,49.6833
2187,49.4083
2188,49.6917
2189,50.1333
2190,50.4167
2191,50.6833
2192,51.0667
2193,51.3417
2194,51.6917
2195,52.2000
2196,52.8083
2197,53.7000
2198,54.3583
2199,55.3250
2200,56.0583
2201,56.4917
2202,57.7750
2203,58.8333
2204,59.7083
2205,60.9333
2206,62.3500
2207,63.4667
2208,64.6750
2209,66.1667
2210,67.6167
2211,69.4250
2212,70.9667
2213,72.2500
2214,74.1167
2215,75.8500
2216,78.0500
2217,79.5000
2218,81.6583
2219,83.7500
2220,85.6000
2221,87.4667
2222,89.6250
2223,91.8417
2224,92.9000
2225,94.4833
2226,95.7250
2227,96.7917
2228,97.8250
2229,98.9250
2230,99.4333
2231,100.1583
2232,101.2083
2233,101.5417
2234,102.3583
2235,102.5250
2236,102.6000
2237,102.5500
2238,102.4667
2239,102.2500
2240,101.6333
2241,101.2917
2242,100.4583
2243,99.7917
2244,98.8250
2245,97.4833
2246,96.2250
2247,94.7583
2248,92.9000
2249,90.7167
2250,88.3750
2251,85.9083
2252,82.5667
2253,79.6417
2254,76.6917
2255,73.3333
2256,70.6083
2257,67.5083
2258,64.4333
2259,61.7417
2260,59.0167
2261,56.7250
2262,54.5917
2263,52.1583
2264,50.1583
2265,48.2500
2266,46.5000
2267,45.1250
2268,43.6333
2269,42.3667
2270,41.1667
2271,40.2000
2272,39.0833
2273,38.1667
2274,37.3083
2275,36.5833
2276,35.5417
2277,35.1583
2278,34.2500
2279,33.5500
2280,32.8750
2281,32.2250
2282,31.5083
2283,31.0750
2284,30.4917
2285,30.0083
2286,29.6083
2287,29.3667
2288,28.9667
2289,28.5083
2290,28.3667
2291,28.0083
2292,27.7750
2293,27.6833
2294,27.2667
2295,27.0917
2296,27.2917
2297,26.7833
2298,26.6500
2299,26.6417
2300,26.4000
2301,26.4500
2302,26.2167
2303,26.4583
2304,26.1000
2305,26.0583
2306,26.0083
2307,26.0500
2308,26.0083
2309,26.0667
2310,25.7500
2311,26.0250
2312,26.0833
2313,26.2833
2314,26.3250
2315,26.5167
2316,26.5833
2317,26.7167
2318,26.8167
2319,26.9500
2320,27.3000
2321,27.2417
2322,27.9333
2323,27.9750
2324,27.9917
2325,28.3750
2326,29.0583
2327,29.2833
2328,29.3167
2329,29.8500
2330,30.4583
2331,30.8833
2332,31.3417
2333,31.9333
2334,32.2583
2335,32.7500
2336,33.3750
2337,34.0333
2338,34.5583
2339,35.1083
2340,35.7500
2341,36.6167
2342,37.3167
2343,38.3000
2344,38.9083
2345,40.0833
2346,40.5833
2347,41.7167
2348,42.2750
2349,43.4500
2350,44.4417
2351,45.6917
2352,46.6417
2353,48.0417
2354,48.8500
2355,50.5750
2356,51.7750
2357,53.1500
2358,54.9250
2359,56.3000
2360,58.0417
2361,59.7417
2362,61.3833
2363,63.4667
2364,65.3750
2365,67.3917
2366,69.2250
2367,71.7583
2368,73.5417
2369,75.6333
2370,78.1000
2371,80.2667
2372,82.5500
2373,84.9417
2374,87.3583
2375,90.1167
2376,91.4083
2377,93.1000
2378,94.8583
2379,96.0417
2380,97.0917
2381,98.2667
2382,99.2417
2383,100.1167
2384,101.0083
2385,101.8000
2386,102.0917
2387,102.6833
2388,104.4000
2389,103.0333
2390,102.9250
2391,103.0167
2392,102.8667
2393,102.3750
2394,101.9833
2395,101.3750
2396,100.2667
2397,99.4667
2398,98.2750
2399,96.9750
2400,95.7417
2401,94.1000
2402,92.2083
2403,90.4500
2404,88.2583
2405,85.4250
2406,82.4000
2407,79.6167
2408,76.6250
2409,74.3833
2410,71.3500
2411,69.1250
2412,66.7750
2413,64.4083
2414,62.7250
2415,60.8750
2416,59.1333
2417,57.7250
2418,56.1417
2419,54.8417
2420,53.8333
2421,52.7917
2422,52.2750
2423,51.5917
2424,50.6250
2425,50.2000
2426,49.8167
2427,49.4917
2428,49.0167
2429,49.0750
2430,48.7417
2431,48.7417
2432,48.6250
2433,48.7167
2434,48.5833
2435,48.5750
2436,49.0750
2437,49.3333
2438,49.5917
2439,49.6833
2440,49.6750
2441,50.4417
2442,50.6000
2443,51.1750
2444,51.7583
2445,52.2167
2446,53.3167
2447,53.9917
2448,55.1083
2449,55.5917
2450,56.4833
2451,57.5167
2452,58.6250
2453,59.7833
2454,61.4083
2455,62.2917
2456,63.3250
2457,64.6583
2458,66.0333
2459,67.7833
2460,69.5667
2461,71.0750
2462,73.1417
2463,75.0333
2464,76.8833
2465,78.4667
2466,79.9250
2467,82.3583
2468,83.8583
2469,85.8833
2470,87.6417
2471,89.8167
2472,91.4750
2473,92.8833
2474,94.3667
2475,95.8000
2476,96.9250
2477,97.8417
2478,98.5750
2479,99.6083
2480,99.9250
2481,100.4083
2482,100.9250
2483,101.3083
2484,101.4750
2485,101.6833
2486,101.5917
2487,101.1917
2488,100.6333
2489,100.2333
2490,99.7167
2491,99.1000
2492,98.4000
2493,97.4333
2494,96.3250
2495,95.4167
2496,93.5583
2497,92.3250
2498,90.1083
2499,87.2333
2500,84.2833
2501,81.2667
2502,78.1167
2503,75.1917
2504,72.6750
2505,69.6000
2506,66.6333
2507,63.8333
2508,60.8000
2509,58.2250
2510,55.9833
2511,53.8583
2512,51.6500
2513,49.7583
2514,48.0500
2515,46.0583
2516,45.0333
2517,43.8250
2518,42.1750
2519,40.7833
2520,39.8000
2521,38.9167
2522,37.8750
2523,36.9833
2524,36.1917
2525,35.6750
2526,34.6500
2527,33.8833
2528,33.4333
2529,32.6750
2530,32.0750
2531,31.5250
2532,30.7917
2533,30.2917
2534,29.7667
2535,29.3750
2536,29.0083
2537,28.5000
2538,28.3083
2539,27.9833
2540,27.6333
2541,27.3083
2542,27.1167
2543,27.0667
2544,26.8000
2545,26.7083
2546,26.5583
2547,26.3083
2548,26.3500
2549,26.2417
2550,26.1250
2551,25.9417
2552,25.6417
2553,25.6417
2554,25.6500
2555,25.5917
2556,25.6667
2557,25.2583
2558,25.4083
2559,25.4333
2560,25.5250
2561,25.8917
2562,25.7583
2563,25.7167
2564,25.6833
2565,25.9750
2566,26.0417
2567,26.4083
2568,26.4000
2569,26.8083
2570,26.9667
2571,27.2000
2572,27.2917
2573,27.4667
2574,27.9750
2575,28.0833
2576,28.4167
2577,28.5917
2578,29.1583
2579,29.4250
2580,29.7417
2581,30.1417
2582,30.6417
2583,31.3250
2584,31.7000
2585,31.8667
2586,32.6083
2587,33.2667
2588,33.9333
2589,34.4500
2590,34.8750
2591,35.4417
2592,36.1583
2593,36.8333
2594,37.3917
2595,38.2083
2596,38.8917
2597,40.1167
2598,40.8833
2599,42.1250
2600,43.0500
2601,44.0833
2602,45.3583
2603,46.6750
2604,47.5083
2605,48.7750
2606,50.0833
2607,51.6333
2608,53.1333
2609,54.6750
2610,56.4000
2611,58.0667
2612,59.4083
2613,61.4917
2614,63.4167
2615,65.2917
2616,67.0833
2617,69.4250
2618,71.5167
2619,73.8250
2620,75.5750
2621,78.2333
2622,80.3083
2623,82.6333
2624,84.9333
2625,87.3917
2626,89.5417
2627,91.5500
2628,93.2833
2629,94.6500
2630,95.4667
2631,96.9500
2632,98.0500
2633,98.8333
2634,99.7667
2635,100.6250
2636,101.2583
2637,101.9167
2638,102.5417
2639,102.6917
2640,102.9750
2641,102.9583
2642,102.7250
2643,102.6583
2644,102.1500
2645,101.5000
2646,100.8750
2647,100.5333
2648,98.9583
2649,98.6667
2650,97.3667
2651,95.9250
2652,94.4000
2653,93.0167
2654,90.8667
2655,88.6333
2656,86.1833
2657,82.9167
2658,80.4500
2659,77.6083
2660,74.9000
2661,72.4167
2662,69.6167
2663,67.5833
2664,65.0583
2665,63.4000
2666,61.1917
2667,59.5250
2668,58.0083
2669,56.3833
2670,54.8833
2671,53.6167
2672,52.9833
2673,52.1917
2674,51.0333
2675,50.6333
2676,50.1750
2677,49.8083
2678,49.0083
2679,48.7750
2680,48.6667
2681,48.8083
2682,48.3500
2683,48.5333
2684,48.2750
2685,48.8917
2686,48.7083
2687,48.7333
2688,48.6000
2689,48.9667
2690,49.0167
2691,49.6167
2692,49.5083
2693,49.9833
2694,50.3500
2695,50.9000
2696,51.2833
2697,52.0000
2698,52.4833
2699,53.7833
2700,54.2500
2701,54.8917
2702,55.8667
2703,56.7000
2704,57.5500
2705,58.7583
2706,59.6583
2707,61.1667
2708,61.8417
2709,62.9333
2710,64.7167
2711,66.5917
2712,68.0083
2713,69.7333
2714,71.7333
2715,73.7167
2716,75.1167
2717,77.0583
2718,79.1667
2719,80.8000
2720,82.5500
2721,84.8917
2722,86.6833
2723,88.4333
2724,90.6083
2725,92.4917
2726,93.4167
2727,94.8583
2728,96.0500
2729,97.0000
2730,97.6417
2731,99.0083
2732,99.4333
2733,99.9583
2734,100.4083
2735,100.8417
2736,101.2750
2737,101.3750
2738,101.5833
2739,101.6250
2740,101.1333
2741,101.0750
2742,100.8583
2743,100.2250
2744,99.3917
2745,98.8917
2746,98.1417
2747,96.9333
2748,95.5833
2749,94.2500
2750,92.3917
2751,90.1333
2752,87.5417
2753,84.3667
2754,81.8667
2755,79.2083
2756,76.0250
2757,72.8000
2758,70.0417
2759,67.1333
2760,64.3167
2761,61.3667
2762,58.5583
2763,56.3333
2764,53.9833
2765,51.8667
2766,49.5500
2767,47.7417
2768,46.2583
2769,44.6667
2770,42.9417
2771,41.9500
2772,40.8750
2773,39.5667
2774,38.5500
2775,37.5833
2776,36.8167
2777,36.2750
2778,35.2667
2779,34.4917
2780,33.9250
2781,33.3583
2782,32.6083
2783,32.0167
2784,31.1500
2785,30.7667
2786,30.1083
2787,29.6583
2788,29.2333
2789,28.8583
2790,28.2917
2791,28.0750
2792,27.9583
2793,27.3833
2794,27.4000
2795,27.2000
2796,26.9167
2797,27.0667
2798,26.5667
2799,26.5167
2800,26.2917
2801,26.0417
2802,26.0417
2803,26.1833
2804,25.7000
2805,25.8500
2806,25.8250
2807,25.9083
2808,25.8333
2809,25.6083
2810,25.4167
2811,25.4250
2812,25.6083
2813,25.4083
2814,25.5167
2815,25.6500
2816,25.4500
2817,25.8417
2818,25.7333
2819,25.7833
2820,25.9250
2821,26.0917
2822,26.3417
2823,26.4250
2824,26.2583
2825,26.7917
2826,26.6667
2827,27.2583
2828,27.4500
2829,27.5750
2830,27.9667
2831,28.4500
2832,28.5417
2833,28.7667
2834,29.3000
2835,29.6167
2836,29.9833
2837,30.4417
2838,31.0417
2839,31.7750
2840,32.2833
2841,32.6250
2842,33.1500
2843,33.8167
2844,34.6917
2845,35.3917
2846,35.8917
2847,37.0417
2848,37.4167
2849,38.2583
2850,39.0583
2851,39.8667
2852,40.6833
2853,41.7917
2854,42.6667
2855,43.7667
2856,44.8667
2857,46.2833
2858,47.0750
2859,48.2167
2860,49.7250
2861,51.3417
2862,52.6917
2863,54.0250
2864,55.5917
2865,57.1333
2866,58.5333
2867,60.3250
2868,62.2000
2869,64.1250
2870,65.8667
2871,69.9917
2872,69.7500
2873,71.7667
2874,74.4333
2875,76.2833
2876,78.3833
2877,80.6417
2878,82.7750
2879,85.2250
2880,87.9333
2881,90.0333
2882,91.7167
2883,93.3667
2884,94.8000
2885,96.0333
2886,97.1750
2887,98.5167
2888,99.3250
2889,100.6750
2890,101.5500
2891,102.1500
2892,102.5083
2893,102.9667
2894,103.3667
2895,103.6917
2896,104.1083
2897,104.2000
2898,104.0500
2899,103.5917
2900,103.5500
2901,103.0000
2902,102.0500
2903,101.1667
2904,100.4250
2905,99.3833
2906,97.9583
2907,96.6667
2908,95.2500
2909,93.4750
2910,91.2333
2911,88.7083
2912,86.3167
2913,83.4333
2914,80.2250
2915,77.6417
2916,74.9167
2917,72.4667
2918,69.8667
2919,67.5167
2920,65.2083
2921,63.0917
2922,61.3333
2923,59.9083
2924,57.9917
2925,56.4333
2926,55.1000
2927,54.0083
2928,52.6667
2929,51.8250
2930,51.1167
2931,51.0250
2932,50.3583
2933,50.2500
2934,49.8750
2935,49.5083
2936,49.2417
2937,48.9917
2938,48.8333
2939,49.1417
2940,48.9583
2941,48.6750
2942,48.7667
2943,48.8250
2944,49.0500
2945,49.3167
2946,49.2833
2947,49.3667
2948,49.8333
2949,50.0250
2950,50.4000
2951,50.7917
2952,51.3083
2953,52.1417
2954,52.6583
2955,53.2083
2956,53.8500
2957,54.6417
2958,55.8167
2959,56.5917
2960,57.3833
2961,58.3583
2962,59.6500
2963,60.3500
2964,61.7583
2965,62.8667
2966,64.3417
2967,65.3000
2968,67.0667
2969,68.5750
2970,70.3083
2971,71.7583
2972,73.0917
2973,75.3667
2974,77.4500
2975,79.3833
2976,81.0167
2977,82.8917
2978,85.0833
2979,87.6583
2980,89.4917
2981,91.1500
2982,93.1417
2983,94.5333
2984,95.5417
2985,96.5750
2986,97.6083
2987,98.3167
2988,99.1583
2989,99.9750
2990,100.7667
2991,101.2333
2992,101.5333
2993,101.8917
2994,102.1417
2995,102.0333
2996,102.1417
2997,102.2583
2998,101.6000
2999,101.0583
3000,100.8000
3001,99.9250
3002,99.1833
3003,98.0667
3004,96.6583
3005,95.6750
3006,93.9000
3007,92.3000
3008,90.1250
3009,87.7000
3010,84.5250
3011,81.8000
3012,78.4750
3013,75.6417
3014,72.4417
3015,69.9167
3016,66.6583
3017,64.0833
3018,61.3000
3019,58.1000
3020,55.9833
3021,53.7917
3022,51.4333
3023,49.6750
3024,47.6250
3025,46.0250
3026,44.0583
3027,43.0250
3028,41.5833
3029,40.4917
3030,39.2833
3031,38.3833
3032,37.1833
3033,36.5083
3034,35.5750
3035,34.9083
3036,34.0917
3037,33.2583
3038,32.8250
3039,31.9833
3040,31.4500
3041,30.9500
3042,30.3083
3043,29.8083
