X,Value,ERR
0,20.492,0.9059
1,20.794,0.8966
2,20.873,0.8959
3,20.730,0.8791
4,21.206,0.8975
5,21.000,0.9147
6,21.143,0.8714
7,21.556,0.9042
8,21.603,0.9193
9,22.000,0.9333
10,21.937,0.9172
11,22.286,0.9298
12,22.429,0.9498
13,22.571,0.9326
14,22.937,0.9476
15,23.254,0.9969
16,23.175,0.9784
17,23.556,0.9727
18,24.000,1.0099
19,24.270,1.0206
20,24.492,1.0337
21,24.873,1.0481
22,25.238,1.0795
23,25.841,1.1355
24,26.048,1.1123
25,26.651,1.1933
26,26.984,1.1960
27,27.810,1.1911
28,27.698,1.2011
29,28.349,1.2334
30,29.206,1.2769
31,29.397,1.3031
32,30.079,1.3430
33,30.556,1.3937
34,31.444,1.4306
35,31.730,1.4456
36,32.619,1.5232
37,33.476,1.5483
38,34.032,1.5838
39,34.667,1.6405
40,35.429,1.7157
41,36.254,1.7366
42,37.492,1.8364
43,38.429,1.8767
44,39.619,1.9694
45,40.508,2.0538
46,41.762,2.0956
47,42.698,2.2057
48,44.365,2.3247
49,45.556,2.4197
50,46.778,2.4924
51,48.270,2.6188
52,50.095,2.7280
53,50.667,2.7793
54,52.730,2.8877
55,54.571,3.0395
56,55.683,3.1312
57,57.492,3.2181
58,59.476,3.4138
59,61.556,3.5729
60,63.825,3.7380
61,65.762,3.8360
62,68.667,4.1014
63,71.270,4.2780
64,73.651,4.4656
65,76.143,4.6662
66,79.270,4.9159
67,82.810,5.2203
68,85.683,5.4613
69,88.905,5.6366
70,91.683,5.8574
71,95.857,6.2098
72,98.825,6.4792
73,103.159,6.8592
74,106.651,7.1552
75,110.857,7.4456
76,115.349,7.8204
77,120.286,8.3003
78,125.159,8.6768
79,130.095,9.0800
80,134.476,9.3947
81,140.016,9.9173
82,145.048,10.3798
83,149.175,10.5388
84,152.317,10.7688
85,155.873,10.9531
86,159.238,11.0566
87,161.683,11.1276
88,163.905,11.1877
89,165.540,11.2148
90,167.857,11.2768
91,169.111,11.2655
92,170.365,11.3138
93,171.397,11.3068
94,172.143,11.3229
95,173.429,11.2971
96,173.952,11.3243
97,174.825,11.3499
98,174.905,11.3684
99,175.063,11.4339
100,175.190,11.4015
101,174.667,11.4637
102,174.222,11.5322
103,173.556,11.5745
104,173.111,11.6416
105,172.206,11.6602
106,171.381,11.7071
107,170.317,11.7792
108,168.302,11.8488
109,166.508,11.9312
110,165.048,11.9737
111,162.857,12.0261
112,161.048,12.0840
113,158.397,12.1169
114,156.111,12.1568
115,153.254,12.1990
116,150.778,12.2294
117,147.190,12.1449
118,143.397,12.1204
119,139.079,12.0076
120,133.556,11.7127
121,127.063,11.1412
122,119.651,10.5032
123,113.619,9.9878
124,107.048,9.4108
125,101.556,8.9008
126,95.857,8.3973
127,90.984,7.9208
128,86.889,7.6155
129,82.841,7.3004
130,79.635,6.9702
131,76.254,6.6754
132,73.302,6.4185
133,69.889,6.0950
134,67.444,5.8378
135,65.063,5.6435
136,62.524,5.4087
137,60.714,5.2612
138,58.063,5.0181
139,55.968,4.8414
140,53.841,4.5927
141,52.476,4.4841
142,50.778,4.3132
143,49.063,4.1686
144,46.905,4.0062
145,45.698,3.8776
146,44.413,3.7369
147,43.222,3.6187
148,41.873,3.4925
149,40.698,3.3486
150,39.683,3.2755
151,38.794,3.1588
152,38.063,3.1005
153,37.143,3.0223
154,36.175,2.8898
155,35.571,2.8588
156,34.635,2.7816
157,33.635,2.7061
158,33.254,2.6530
159,32.556,2.5665
160,31.905,2.4913
161,31.413,2.4292
162,30.841,2.3735
163,30.254,2.3417
164,29.349,2.2326
165,29.175,2.2146
166,28.492,2.1545
167,27.698,2.0654
168,27.476,2.0321
169,27.143,2.0286
170,26.746,1.9692
171,26.302,1.8995
172,25.937,1.8827
173,25.587,1.8438
174,25.333,1.8461
175,24.667,1.7523
176,24.619,1.7256
177,24.508,1.6830
178,24.222,1.7106
179,24.111,1.6803
180,23.571,1.6397
181,23.429,1.5926
182,23.206,1.5977
183,23.048,1.5616
184,22.937,1.5273
185,22.508,1.4991
186,22.349,1.4388
187,22.286,1.4426
188,22.159,1.4283
189,22.016,1.4194
190,21.921,1.4057
191,21.889,1.3870
192,21.556,1.3525
193,21.746,1.3708
194,21.683,1.3421
195,21.857,1.3556
196,21.714,1.3508
197,21.556,1.3099
198,21.556,1.2996
199,21.635,1.2891
200,21.413,1.2592
201,21.381,1.2757
202,21.413,1.2406
203,21.365,1.2413
204,21.540,1.2288
205,21.302,1.2024
206,21.651,1.2295
207,21.540,1.2277
208,21.540,1.2342
209,21.746,1.2154
210,21.889,1.2129
211,21.714,1.1936
212,21.921,1.2364
213,21.762,1.2043
214,21.952,1.1998
215,23.698,1.9646
216,22.048,1.1621
217,22.016,1.1750
218,22.095,1.1661
219,22.429,1.1577
220,22.302,1.1643
221,22.556,1.1419
222,22.603,1.1473
223,22.968,1.1593
224,23.032,1.1433
225,23.127,1.1833
226,23.397,1.1908
227,23.540,1.1829
228,23.429,1.1493
229,23.873,1.1979
230,24.175,1.1923
231,24.333,1.2221
232,24.381,1.1802
233,24.968,1.2491
234,25.111,1.2286
235,25.159,1.2407
236,25.841,1.2615
237,26.222,1.3371
238,26.381,1.2976
239,26.667,1.2702
240,27.127,1.3259
241,27.952,1.4006
242,27.937,1.3923
243,28.159,1.3718
244,28.889,1.4110
245,29.175,1.4440
246,30.254,1.5152
247,30.714,1.5246
248,30.603,1.4580
249,31.190,1.5115
250,32.206,1.6261
251,33.063,1.7234
252,33.619,1.7235
253,33.492,1.6614
254,34.540,1.7034
255,35.587,1.7910
256,36.571,1.9206
257,37.746,1.9859
258,38.556,2.0335
259,39.063,2.0337
260,39.857,2.0438
261,40.460,2.0668
262,41.714,2.1576
263,43.063,2.2982
264,45.222,2.4563
265,46.476,2.5683
266,47.857,2.6560
267,49.063,2.7111
268,50.302,2.7969
269,51.651,2.8058
270,52.476,2.8714
271,54.317,2.9376
272,55.825,3.0326
273,57.143,3.1158
274,59.540,3.2558
275,61.460,3.4337
276,63.984,3.6120
277,66.540,3.8544
278,68.810,4.0437
279,71.333,4.2404
280,73.905,4.3978
281,76.667,4.6131
282,79.111,4.8232
283,81.762,4.9496
284,85.651,5.2450
285,88.365,5.3868
286,91.794,5.6772
287,95.063,5.9943
288,98.857,6.2213
289,102.000,6.3991
290,105.460,6.6556
291,109.714,6.8937
292,113.921,7.2448
293,118.349,7.5775
294,123.222,8.0167
295,128.095,8.4202
296,134.317,8.9788
297,140.095,9.3762
298,145.714,9.8514
299,149.397,10.1600
300,153.397,10.3709
301,156.937,10.4499
302,160.016,10.5304
303,162.889,10.6167
304,165.365,10.6473
305,168.095,10.6540
306,170.381,10.6724
307,172.000,10.7048
308,174.302,10.6655
309,175.667,10.6428
310,177.111,10.6430
311,178.841,10.6612
312,179.667,10.6653
313,180.444,10.6597
314,180.873,10.6595
315,181.381,10.7016
316,182.270,10.6997
317,182.206,10.7026
318,182.079,10.7115
319,182.063,10.7831
320,181.683,10.8279
321,181.333,10.8434
322,180.556,10.9286
323,179.460,10.9752
324,178.603,11.0457
325,176.952,11.1507
326,175.937,11.1982
327,174.540,11.3132
328,172.460,11.4055
329,171.222,11.4759
330,168.921,11.5654
331,166.603,11.6798
332,163.524,11.7264
333,161.206,11.7875
334,158.238,11.8551
335,155.190,11.8946
336,152.016,11.9213
337,147.762,11.9131
338,143.746,11.8248
339,138.667,11.6647
340,132.222,11.3338
341,124.841,10.6599
342,119.365,10.2194
343,113.032,9.6698
344,107.111,9.1863
345,102.222,8.7634
346,96.587,8.3454
347,91.762,7.8750
348,88.349,7.6526
349,84.810,7.3296
350,81.921,7.0585
351,78.429,6.7635
352,75.079,6.4710
353,72.825,6.2769
354,70.190,6.0249
355,67.698,5.8369
356,64.619,5.5434
357,62.190,5.3534
358,60.810,5.2584
359,59.032,5.0871
360,56.905,4.8846
361,54.968,4.6767
362,53.095,4.4963
363,51.127,4.3546
364,49.714,4.2256
365,48.619,4.1683
366,47.302,3.9790
367,46.127,3.8956
368,44.873,3.7560
369,43.571,3.6522
370,42.651,3.5989
371,41.698,3.4885
372,41.095,3.4039
373,39.810,3.2957
374,38.746,3.1709
375,37.952,3.1050
376,37.238,3.0391
377,36.651,3.0321
378,36.079,2.9258
379,35.159,2.8665
380,34.540,2.8012
381,33.921,2.7653
382,33.381,2.6777
383,32.746,2.6174
384,32.016,2.5300
385,31.286,2.4724
386,31.063,2.4254
387,30.127,2.3496
388,30.032,2.3412
389,29.540,2.2978
390,29.175,2.2613
391,28.794,2.2206
392,28.429,2.2104
393,27.968,2.1550
394,27.587,2.1240
395,27.603,2.0996
396,27.397,2.1007
397,27.000,2.0671
398,26.587,2.0024
399,26.413,1.9794
400,26.413,1.9676
401,25.825,1.9469
402,25.714,1.9089
403,25.667,1.8932
404,25.333,1.8442
405,25.159,1.8083
406,25.159,1.8237
407,24.905,1.7736
408,24.810,1.7741
409,24.778,1.7819
410,24.619,1.7581
411,24.778,1.7768
412,24.603,1.7055
413,24.667,1.7679
414,24.302,1.7089
415,24.143,1.6856
416,24.095,1.6594
417,23.889,1.6357
418,23.937,1.6209
419,23.921,1.6261
420,23.952,1.6192
421,24.063,1.6278
422,23.825,1.6292
423,23.762,1.6032
424,23.571,1.5583
425,23.683,1.5468
426,23.794,1.5527
427,24.111,1.5833
428,24.190,1.5781
429,24.127,1.5573
430,23.937,1.5154
431,24.032,1.5179
432,24.095,1.5393
433,24.381,1.5242
434,24.238,1.5611
435,24.365,1.5338
436,24.349,1.5000
437,24.508,1.5071
438,24.571,1.5313
439,24.810,1.5203
440,24.905,1.4874
441,25.159,1.5022
442,25.365,1.5055
443,25.222,1.4817
444,25.365,1.4681
445,25.762,1.5418
446,26.032,1.5115
447,26.333,1.5564
448,26.222,1.5072
449,26.587,1.5352
450,26.429,1.5243
451,26.841,1.5242
452,27.190,1.5570
453,27.460,1.5607
454,27.714,1.5720
455,28.032,1.5572
456,28.540,1.5902
457,28.683,1.6066
458,29.127,1.6078
459,29.254,1.6171
460,30.111,1.6961
461,30.286,1.6670
462,31.063,1.6907
463,31.159,1.6553
464,31.794,1.7180
465,32.333,1.7908
466,32.873,1.7815
467,33.349,1.7858
468,34.222,1.8510
469,34.873,1.8918
470,35.286,1.9413
471,36.381,1.9817
472,36.952,2.0080
473,37.603,2.0469
474,38.317,2.0442
475,38.778,2.0716
476,40.032,2.1540
477,40.825,2.1945
478,41.524,2.2246
479,42.603,2.3240
480,43.698,2.3716
481,45.048,2.4573
482,46.032,2.4667
483,46.905,2.5268
484,48.984,2.7115
485,49.905,2.7214
486,51.254,2.8374
487,53.270,2.9781
488,54.476,2.9949
489,55.825,3.1171
490,58.016,3.2302
491,59.349,3.2649
492,61.159,3.4338
493,62.968,3.5494
494,64.952,3.6636
495,67.317,3.8207
496,69.841,4.0776
497,71.889,4.1285
498,73.825,4.2566
499,77.143,4.4629
500,79.540,4.6459
501,81.825,4.7545
502,85.619,5.1049
503,88.968,5.3815
504,92.444,5.5326
505,95.175,5.6734
506,98.889,5.9797
507,102.540,6.1981
508,106.460,6.4741
509,109.460,6.6950
510,114.413,7.0276
511,119.206,7.3967
512,123.984,7.7716
513,128.556,8.0865
514,133.286,8.3609
515,138.444,8.7314
516,144.317,9.2405
517,150.365,9.6638
518,154.587,9.8211
519,158.698,9.9959
520,162.349,10.0640
521,165.683,10.1575
522,168.603,10.1374
523,171.587,10.1591
524,174.206,10.1573
525,176.762,10.1096
526,178.714,10.0952
527,180.635,10.0337
528,182.762,10.0107
529,184.111,9.9797
530,185.714,9.9237
531,186.984,9.8752
532,188.032,9.8438
533,189.111,9.8133
534,189.921,9.7835
535,190.524,9.7957
536,191.032,9.8183
537,191.619,9.7801
538,191.619,9.8073
539,191.587,9.8839
540,191.603,9.8485
541,190.730,9.9426
542,190.476,9.9729
543,190.016,10.0006
544,188.556,10.1612
545,187.397,10.2639
546,186.365,10.2987
547,184.730,10.4567
548,183.429,10.5397
549,181.413,10.6603
550,179.381,10.7608
551,176.683,10.9438
552,174.508,11.0496
553,172.222,11.1871
554,169.159,11.2763
555,166.317,11.4206
556,163.254,11.4749
557,160.127,11.5745
558,156.476,11.6312
559,152.730,11.6889
560,148.730,11.6326
561,143.302,11.5086
562,138.635,11.3512
563,131.794,10.8438
564,125.270,10.2937
565,119.032,9.8074
566,113.603,9.4121
567,108.762,9.0329
568,103.381,8.5679
569,98.508,8.2081
570,94.476,7.8745
571,90.587,7.5724
572,87.286,7.2925
573,84.333,7.0291
574,81.683,6.8460
575,78.968,6.6526
576,75.778,6.3834
577,72.921,6.1018
578,70.413,5.8703
579,68.063,5.6910
580,65.714,5.5112
581,63.810,5.3272
582,61.841,5.1801
583,59.317,4.9444
584,57.556,4.8056
585,55.746,4.6617
586,54.429,4.5476
587,53.238,4.4345
588,51.476,4.2877
589,50.000,4.0976
590,49.095,4.0525
591,48.111,3.9849
592,46.762,3.9194
593,45.794,3.8345
594,44.429,3.6643
595,44.302,3.6751
596,43.238,3.5724
597,42.333,3.4563
598,41.238,3.3543
599,40.619,3.3300
600,39.905,3.2535
601,38.857,3.1154
602,38.222,3.0765
603,37.873,3.0578
604,36.889,2.9530
605,36.238,2.8932
606,35.730,2.8770
607,35.619,2.8482
608,34.873,2.7747
609,34.429,2.7273
610,34.063,2.6871
611,33.397,2.6463
612,32.952,2.5977
613,32.540,2.5479
614,31.635,2.4854
615,31.492,2.4631
616,31.159,2.4140
617,30.794,2.3688
618,30.746,2.3949
619,30.302,2.3649
620,29.571,2.2828
621,29.444,2.2535
622,29.079,2.2272
623,29.016,2.2424
624,28.778,2.1876
625,28.349,2.1843
626,28.302,2.1707
627,28.079,2.1400
628,27.857,2.1065
629,27.587,2.0808
630,27.794,2.1075
631,27.524,2.0874
632,27.159,2.0671
633,27.000,2.0283
634,26.825,1.9947
635,26.905,2.0092
636,26.762,1.9578
637,26.825,1.9981
638,26.587,1.9428
639,26.508,1.9392
640,26.127,1.9100
641,26.381,1.9300
642,26.143,1.8876
643,26.302,1.9237
644,26.048,1.8419
645,26.159,1.8628
646,26.175,1.8594
647,26.048,1.8634
648,26.190,1.8352
649,26.190,1.8614
650,26.270,1.8180
651,26.349,1.8276
652,26.317,1.8294
653,26.175,1.7921
654,26.254,1.8201
655,26.317,1.7987
656,26.143,1.7856
657,26.444,1.8021
658,26.571,1.7979
659,26.714,1.7847
660,26.730,1.7769
661,26.778,1.7653
662,26.968,1.7906
663,26.984,1.7671
664,27.222,1.8008
665,27.270,1.7554
666,27.286,1.7368
667,27.413,1.7364
668,27.698,1.7681
669,27.889,1.7585
670,27.889,1.7701
671,28.381,1.7737
672,28.492,1.7853
673,29.032,1.8077
674,28.841,1.7649
675,29.413,1.8473
676,29.397,1.7848
677,30.111,1.8597
678,30.159,1.8395
679,30.238,1.7902
680,30.730,1.8638
681,31.175,1.8796
682,31.603,1.9020
683,31.714,1.9165
684,32.127,1.9411
685,32.730,1.9405
686,33.127,1.9511
687,33.937,2.0312
688,34.492,2.0290
689,34.968,2.0584
690,35.683,2.0987
691,35.889,2.1437
692,36.873,2.1965
693,37.270,2.1592
694,38.143,2.2621
695,38.905,2.2497
696,39.429,2.2418
697,40.429,2.3179
698,41.492,2.4321
699,42.190,2.4797
700,43.127,2.4898
701,44.143,2.5681
702,44.857,2.5968
703,46.000,2.6584
704,47.429,2.7426
705,48.270,2.7724
706,49.651,2.8589
707,51.000,2.9320
708,52.508,3.0358
709,53.619,3.0738
710,54.968,3.1807
711,56.873,3.2981
712,58.159,3.4277
713,60.175,3.5530
714,62.095,3.6619
715,63.460,3.7510
716,65.492,3.8536
717,67.730,3.9788
718,69.968,4.1062
719,72.635,4.2916
720,74.556,4.4022
721,77.175,4.6279
722,79.540,4.7094
723,82.333,4.8816
724,85.810,5.1062
725,88.365,5.2996
726,91.746,5.5329
727,94.905,5.7820
728,98.556,6.0262
729,102.190,6.2211
730,105.857,6.4427
731,109.810,6.7372
732,113.857,7.0107
733,118.222,7.3330
734,122.333,7.6251
735,127.667,7.9760
736,132.825,8.3581
737,137.873,8.6683
738,142.651,9.0498
739,148.317,9.4135
740,152.810,9.5651
741,157.413,9.7636
742,161.619,9.8682
743,164.889,9.9491
744,168.238,9.9591
745,171.524,9.9130
746,174.603,9.9049
747,176.952,9.8549
748,179.254,9.8420
749,182.159,9.7910
750,183.683,9.7473
751,185.746,9.6531
752,187.286,9.5937
753,188.492,9.5504
754,190.429,9.4775
755,191.921,9.3456
756,192.714,9.3653
757,193.540,9.3387
758,194.762,9.2765
759,195.714,9.2447
760,196.365,9.1657
761,196.238,9.2041
762,196.413,9.2141
763,196.270,9.2523
764,196.175,9.2715
765,195.667,9.3249
766,195.048,9.4309
767,194.317,9.4630
768,193.508,9.5220
769,192.381,9.6579
770,191.206,9.7075
771,189.286,9.8405
772,187.889,9.9626
773,185.889,10.1465
774,184.143,10.2412
775,182.317,10.3408
776,179.730,10.5141
777,176.937,10.6695
778,174.016,10.8273
779,170.952,10.9887
780,167.984,11.1087
781,164.651,11.1947
782,161.460,11.3277
783,157.079,11.3467
784,153.079,11.3617
785,148.873,11.3039
786,144.302,11.2231
787,138.746,10.9586
788,131.778,10.4221
789,124.714,9.9024
790,118.238,9.4090
791,113.048,9.0474
792,108.159,8.6148
793,103.905,8.3053
794,99.540,7.9310
795,95.222,7.6073
796,91.746,7.3501
797,88.683,7.1401
798,84.778,6.8228
799,81.921,6.5968
800,79.476,6.3754
801,76.619,6.0871
802,74.397,5.9688
803,71.349,5.7340
804,69.048,5.4836
805,66.603,5.2963
806,65.000,5.1792
807,62.952,5.0296
808,61.143,4.8576
809,59.000,4.6767
810,57.571,4.5551
811,55.667,4.3954
812,54.254,4.2998
813,53.143,4.1665
814,51.651,4.0810
815,50.444,3.9311
816,49.619,3.8499
817,48.444,3.7934
818,47.397,3.6883
819,46.810,3.6487
820,45.857,3.5603
821,45.032,3.5214
822,43.905,3.3819
823,42.937,3.3212
824,42.175,3.2453
825,41.222,3.1470
826,40.937,3.1563
827,39.825,3.0588
828,39.095,2.9923
829,38.238,2.8987
830,37.794,2.8898
831,37.222,2.8001
832,36.571,2.7346
833,36.143,2.7400
834,35.651,2.6984
835,35.095,2.6060
836,34.444,2.5983
837,34.175,2.5302
838,33.762,2.5190
839,33.413,2.4865
840,32.778,2.4011
841,32.540,2.4286
842,32.381,2.3696
843,31.825,2.3383
844,31.460,2.3245
845,30.968,2.2864
846,31.000,2.2835
847,30.762,2.2683
848,30.413,2.2427
849,29.857,2.1693
850,29.952,2.2110
851,29.714,2.1682
852,29.270,2.1294
853,29.159,2.1152
854,29.238,2.1341
855,28.730,2.0569
856,28.841,2.0690
857,28.429,2.0164
858,28.079,2.0157
859,28.286,2.0475
860,28.175,2.0138
861,28.222,1.9793
862,28.032,1.9812
863,27.714,1.9483
864,27.905,1.9978
865,27.905,1.9562
866,27.460,1.9214
867,27.492,1.9219
868,27.508,1.9267
869,27.667,1.9261
870,27.635,1.9446
871,27.365,1.8809
872,27.492,1.9069
873,27.365,1.8802
874,27.698,1.8856
875,27.667,1.8887
876,27.556,1.8806
877,27.698,1.8687
878,27.429,1.8300
879,27.476,1.8468
880,27.492,1.8112
881,27.492,1.8252
882,27.556,1.8372
883,27.873,1.8485
884,27.841,1.8297
885,28.159,1.8393
886,27.540,1.7829
887,28.127,1.8052
888,28.079,1.7928
889,28.032,1.7800
890,28.333,1.8380
891,28.349,1.8019
892,28.730,1.7767
893,28.603,1.7848
894,28.921,1.8297
895,29.111,1.8186
896,29.524,1.8160
897,29.587,1.8285
898,30.063,1.8573
899,30.365,1.8357
900,30.571,1.8563
901,30.683,1.8606
902,30.968,1.8864
903,31.254,1.8825
904,31.619,1.8693
905,32.000,1.9153
906,32.413,1.9489
907,32.730,1.9585
908,33.127,1.9504
909,33.667,1.9892
910,34.143,2.0182
911,34.397,2.0235
912,35.063,2.0984
913,35.302,2.0625
914,36.143,2.1088
915,36.683,2.1531
916,37.349,2.2191
917,38.095,2.2635
918,38.762,2.2732
919,39.698,2.3512
920,39.921,2.3449
921,40.778,2.3521
922,41.111,2.3674
923,42.127,2.3936
924,43.095,2.4766
925,43.889,2.5300
926,44.921,2.6065
927,45.746,2.6652
928,47.063,2.7427
929,47.762,2.7529
930,48.556,2.8005
931,50.143,2.9042
932,51.952,3.0226
933,52.508,3.0545
934,54.159,3.1577
935,55.714,3.2448
936,56.698,3.3017
937,58.222,3.4108
938,60.333,3.5331
939,61.841,3.5846
940,63.286,3.7065
941,65.730,3.8599
942,67.603,3.9810
943,69.333,4.0707
944,71.778,4.2577
945,73.413,4.3286
946,76.111,4.4992
947,78.540,4.6663
948,81.476,4.8008
949,83.984,4.9635
950,86.333,5.0969
951,89.508,5.3155
952,92.667,5.5431
953,96.000,5.7591
954,99.365,5.9881
955,102.683,6.1817
956,106.968,6.4535
957,111.540,6.7381
958,115.794,7.0327
959,119.048,7.2478
960,123.968,7.5834
961,129.683,7.9623
962,134.048,8.2674
963,138.937,8.5472
964,144.492,9.0583
965,149.429,9.2882
966,154.270,9.5359
967,159.619,9.6833
968,163.381,9.7625
969,167.349,9.8697
970,170.413,9.8992
971,173.460,9.8251
972,176.333,9.8009
973,179.206,9.7291
974,181.714,9.7292
975,183.937,9.5978
976,186.175,9.5691
977,188.159,9.4597
978,189.952,9.3867
979,191.683,9.2968
980,193.492,9.1972
981,194.587,9.1413
982,195.889,9.0400
983,197.016,8.9634
984,198.238,8.8771
985,199.032,8.8736
986,199.333,8.8535
987,200.095,8.8159
988,200.333,8.8237
989,200.667,8.7882
990,200.905,8.7912
991,200.937,8.7797
992,200.127,8.8645
993,199.571,8.8881
994,198.857,8.9426
995,198.206,9.0144
996,197.286,9.0750
997,195.921,9.1909
998,194.238,9.3621
999,192.698,9.4175
1000,190.762,9.5747
1001,188.556,9.7526
1002,186.968,9.8405
1003,183.841,10.0486
1004,181.540,10.1961
1005,178.937,10.3388
1006,175.667,10.4746
1007,172.048,10.6564
1008,168.968,10.8125
1009,165.587,10.9068
1010,162.048,10.9888
1011,157.349,10.9985
1012,153.270,11.0132
1013,148.159,10.8581
1014,141.095,10.4727
1015,133.524,9.9096
1016,127.317,9.4678
1017,121.175,8.9369
1018,115.571,8.5689
1019,111.222,8.2699
1020,106.048,7.8490
1021,101.571,7.5899
1022,97.000,7.2302
1023,93.540,6.9749
1024,90.063,6.7223
1025,86.857,6.4978
1026,83.730,6.2493
1027,81.222,6.0296
1028,77.968,5.7762
1029,75.508,5.6256
1030,72.921,5.4390
1031,70.175,5.2331
1032,68.032,5.0564
1033,65.794,4.8562
1034,63.619,4.6812
1035,61.825,4.5431
1036,60.095,4.4125
1037,58.238,4.2778
1038,56.603,4.1746
1039,55.286,4.0647
1040,54.175,3.9647
1041,52.571,3.8135
1042,51.302,3.7389
1043,50.143,3.6654
1044,49.381,3.6118
1045,48.079,3.4764
1046,47.254,3.4078
1047,46.619,3.3357
1048,45.587,3.2692
1049,44.841,3.2259
1050,43.619,3.1310
1051,42.857,3.0642
1052,42.397,3.0313
1053,41.206,2.8764
1054,40.349,2.8398
1055,39.825,2.7843
1056,39.016,2.7369
1057,38.476,2.7087
1058,37.857,2.6763
1059,37.302,2.6066
1060,36.857,2.5561
1061,36.143,2.5482
1062,35.429,2.4600
1063,35.111,2.4193
1064,34.635,2.3543
1065,33.905,2.3486
1066,33.556,2.3076
1067,33.175,2.2497
1068,32.937,2.2213
1069,32.635,2.2463
1070,32.111,2.1804
1071,31.730,2.1486
1072,31.508,2.1508
1073,31.302,2.1262
1074,30.810,2.0826
1075,30.508,2.0492
1076,30.190,2.0439
1077,29.873,2.0311
1078,29.794,2.0325
1079,29.381,1.9839
1080,29.397,1.9695
1081,29.143,1.9336
1082,28.857,1.9354
1083,28.476,1.8777
1084,28.587,1.8741
1085,28.222,1.8671
1086,28.333,1.8610
1087,28.159,1.8851
1088,27.968,1.8640
1089,27.873,1.8327
1090,27.825,1.8416
1091,27.857,1.8477
1092,27.524,1.8240
1093,27.508,1.8187
1094,27.762,1.8302
1095,27.556,1.7885
1096,27.270,1.7723
1097,27.000,1.7352
1098,27.333,1.7557
1099,27.095,1.7350
1100,27.317,1.7443
1101,27.635,1.7653
1102,27.476,1.7481
1103,27.317,1.7372
1104,27.063,1.7363
1105,27.444,1.7353
1106,27.476,1.7202
1107,27.413,1.7059
1108,27.587,1.6969
1109,27.730,1.7409
1110,27.397,1.6863
1111,27.460,1.6700
1112,27.349,1.6788
1113,27.651,1.6661
1114,27.603,1.6674
1115,28.032,1.7019
1116,28.016,1.6761
1117,27.968,1.6634
1118,27.984,1.6524
1119,28.159,1.6527
1120,28.444,1.6787
1121,28.746,1.6912
1122,29.127,1.7194
1123,29.254,1.7118
1124,29.254,1.7297
1125,29.143,1.6822
1126,29.413,1.7061
1127,29.762,1.7173
1128,30.048,1.7153
1129,30.413,1.7741
1130,30.857,1.8080
1131,31.302,1.7876
1132,31.317,1.8152
1133,31.381,1.8214
1134,31.619,1.8105
1135,32.175,1.7953
1136,32.635,1.8694
1137,33.016,1.8714
1138,33.238,1.8856
1139,34.000,1.9501
1140,34.143,1.9497
1141,34.524,1.9606
1142,35.730,2.0500
1143,35.921,2.0624
1144,36.492,2.1275
1145,37.349,2.1291
1146,37.905,2.1745
1147,38.444,2.2300
1148,39.349,2.2383
1149,40.095,2.2898
1150,40.714,2.3490
1151,41.587,2.3849
1152,42.302,2.4595
1153,42.571,2.4386
1154,43.571,2.4518
1155,44.921,2.5899
1156,45.698,2.6178
1157,46.619,2.6476
1158,47.873,2.7449
1159,48.730,2.8113
1160,50.016,2.8914
1161,51.159,2.9202
1162,52.794,3.0136
1163,53.921,3.0971
1164,55.349,3.2321
1165,56.683,3.3021
1166,58.365,3.4088
1167,60.032,3.5354
1168,61.508,3.6060
1169,63.095,3.6850
1170,65.127,3.8311
1171,67.238,3.9943
1172,69.079,4.0707
1173,70.921,4.1983
1174,73.730,4.3792
1175,75.349,4.4590
1176,77.683,4.6358
1177,79.921,4.7412
1178,82.683,4.9283
1179,85.349,5.1057
1180,88.635,5.3099
1181,92.286,5.5448
1182,95.190,5.7531
1183,98.778,5.9461
1184,102.603,6.1822
1185,105.667,6.4706
1186,109.444,6.7179
1187,112.810,6.9070
1188,117.159,7.1185
1189,121.286,7.4516
1190,125.540,7.7240
1191,130.111,8.0308
1192,134.413,8.3176
1193,140.349,8.7709
1194,145.206,9.1526
1195,150.397,9.5276
1196,157.524,9.7931
1197,159.175,9.7914
1198,162.905,9.8525
1199,167.143,9.9020
1200,170.746,9.9192
1201,173.619,9.9203
1202,176.825,9.8782
1203,179.587,9.8020
1204,182.175,9.7562
1205,184.746,9.6356
1206,186.857,9.5555
1207,188.984,9.4654
1208,191.143,9.3200
1209,192.476,9.2752
1210,193.365,9.2321
1211,195.175,9.0888
1212,196.476,9.0385
1213,197.540,8.9666
1214,198.540,8.9103
1215,199.111,8.8447
1216,199.825,8.7587
1217,200.444,8.7399
1218,200.635,8.7014
1219,200.905,8.6916
1220,201.048,8.6765
1221,200.460,8.7590
1222,200.460,8.7678
1223,200.048,8.7793
1224,199.333,8.8386
1225,198.381,8.9282
1226,197.365,9.0143
1227,196.286,9.0925
1228,194.127,9.2309
1229,192.063,9.3794
1230,190.603,9.4542
1231,188.714,9.6432
1232,186.238,9.8192
1233,184.063,9.9251
1234,180.889,10.1395
1235,178.032,10.3021
1236,174.698,10.4005
1237,171.730,10.5588
1238,168.460,10.6715
1239,164.651,10.7425
1240,160.794,10.8173
1241,155.762,10.8270
1242,150.984,10.7580
1243,145.603,10.5934
1244,138.651,10.0869
1245,132.238,9.6810
1246,125.079,9.1137
1247,118.778,8.7067
1248,112.746,8.2399
1249,107.937,7.8515
1250,103.397,7.5367
1251,99.016,7.2386
1252,94.952,6.9654
1253,90.952,6.6385
1254,87.810,6.4199
1255,84.349,6.1481
1256,80.952,5.9054
1257,78.984,5.7418
1258,76.032,5.4921
1259,73.635,5.3339
1260,70.730,5.1226
1261,68.794,4.9268
1262,66.587,4.7559
1263,64.286,4.5778
1264,62.254,4.4315
1265,60.143,4.2992
1266,58.032,4.1242
1267,56.810,3.9933
1268,55.524,3.8803
1269,53.524,3.7556
1270,52.365,3.6693
1271,51.317,3.5704
1272,49.603,3.4684
1273,48.905,3.3895
1274,48.143,3.3355
1275,46.873,3.2620
1276,46.365,3.2033
1277,45.381,3.1093
1278,44.540,3.1053
1279,43.476,2.9832
1280,42.492,2.9128
1281,42.238,2.8482
1282,41.302,2.8009
1283,40.302,2.7275
1284,39.667,2.6410
1285,38.746,2.6275
1286,37.825,2.5513
1287,37.143,2.4966
1288,36.476,2.4686
1289,35.698,2.4048
1290,35.175,2.3268
1291,34.635,2.2610
1292,33.968,2.2457
1293,33.778,2.2370
1294,33.413,2.2175
1295,32.873,2.1387
1296,32.063,2.0955
1297,32.159,2.1102
1298,31.905,2.0470
1299,31.778,2.0895
1300,31.222,2.0276
1301,30.762,2.0052
1302,30.762,1.9997
1303,30.540,1.9861
1304,30.190,1.9431
1305,29.968,1.9400
1306,29.317,1.8696
1307,29.111,1.8946
1308,28.905,1.8615
1309,28.587,1.8571
1310,28.317,1.8232
1311,28.222,1.8072
1312,28.063,1.7819
1313,27.524,1.7298
1314,27.524,1.7170
1315,27.508,1.7372
1316,27.540,1.6945
1317,27.302,1.7104
1318,27.508,1.7286
1319,27.492,1.7239
1320,26.905,1.6760
1321,26.778,1.6644
1322,27.079,1.7048
1323,26.540,1.6316
1324,26.556,1.6451
1325,26.524,1.6725
1326,26.286,1.6094
1327,26.222,1.6003
1328,26.079,1.5964
1329,26.333,1.6150
1330,26.476,1.6359
1331,26.508,1.6300
1332,26.270,1.5964
1333,26.444,1.6109
1334,26.111,1.5816
1335,26.159,1.5709
1336,26.206,1.5801
1337,26.175,1.5701
1338,25.952,1.5419
1339,26.302,1.5042
1340,26.524,1.5569
1341,26.476,1.5513
1342,26.825,1.5755
1343,26.857,1.5848
1344,26.968,1.5933
1345,27.016,1.5956
1346,26.921,1.5809
1347,26.952,1.5889
1348,26.952,1.5604
1349,27.317,1.5881
1350,27.667,1.5885
1351,27.810,1.5891
1352,27.778,1.6254
1353,27.905,1.6408
1354,28.143,1.6566
1355,28.302,1.6530
1356,28.079,1.6113
1357,28.524,1.6309
1358,28.619,1.6290
1359,29.238,1.6420
1360,29.508,1.6781
1361,29.746,1.6891
1362,29.794,1.6861
1363,30.333,1.7491
1364,30.317,1.7546
1365,30.556,1.7653
1366,31.159,1.8211
1367,31.413,1.8267
1368,31.952,1.8524
1369,32.460,1.8732
1370,32.873,1.9045
1371,32.889,1.9006
1372,33.540,1.9231
1373,34.063,1.9493
1374,34.444,1.9824
1375,34.937,1.9995
1376,35.508,2.0238
1377,36.333,2.0579
1378,36.841,2.1413
1379,37.254,2.1509
1380,38.000,2.2241
1381,38.778,2.2554
1382,39.222,2.2878
1383,40.063,2.3215
1384,40.460,2.3780
1385,41.730,2.4817
1386,42.889,2.5759
1387,43.508,2.5997
1388,44.111,2.5823
1389,45.349,2.7103
1390,46.175,2.7598
1391,47.143,2.8013
1392,48.476,2.9202
1393,49.190,2.8910
1394,50.810,3.0194
1395,52.063,3.1108
1396,53.667,3.2090
1397,54.921,3.2814
1398,55.651,3.3396
1399,57.492,3.4989
1400,59.016,3.5496
1401,60.794,3.6638
1402,62.540,3.7860
1403,64.683,3.8913
1404,66.016,4.0333
1405,68.397,4.1618
1406,70.476,4.2747
1407,72.746,4.4712
1408,75.111,4.5676
1409,77.175,4.6985
1410,79.730,4.8600
1411,82.635,5.1422
1412,85.095,5.3185
1413,88.746,5.5056
1414,92.302,5.7996
1415,94.746,5.9035
1416,97.302,6.1119
1417,101.063,6.3370
1418,104.841,6.6164
1419,108.302,6.8206
1420,112.175,7.1230
1421,116.492,7.4518
1422,120.746,7.6564
1423,125.270,7.9931
1424,129.571,8.2351
1425,134.698,8.6548
1426,140.016,8.9913
1427,145.159,9.2799
1428,150.032,9.7473
1429,153.556,9.8229
1430,158.476,9.9303
1431,162.746,10.0403
1432,165.937,10.0390
1433,169.032,10.0398
1434,171.603,10.0573
1435,174.063,9.9924
1436,176.540,9.9551
1437,179.556,9.8578
1438,181.937,9.7981
1439,184.429,9.6743
1440,186.476,9.6370
1441,188.222,9.5688
1442,190.460,9.4257
1443,191.651,9.3978
1444,192.984,9.2843
1445,194.397,9.2262
1446,195.794,9.1055
1447,196.984,9.0205
1448,197.984,8.9833
1449,198.587,8.9437
1450,199.286,8.8773
1451,199.952,8.8067
1452,200.873,8.7308
1453,200.540,8.7680
1454,200.952,8.7011
1455,200.778,8.7289
1456,200.540,8.7190
1457,199.683,8.7928
1458,199.556,8.7860
1459,198.222,8.8833
1460,196.952,8.9430
1461,195.556,9.0750
1462,193.683,9.1769
1463,191.349,9.3589
1464,189.317,9.5021
1465,187.222,9.6298
1466,185.095,9.7478
1467,181.905,9.9255
1468,178.968,10.0672
1469,175.984,10.2114
1470,172.476,10.2990
1471,169.159,10.4474
1472,165.238,10.5332
1473,161.460,10.5595
1474,156.889,10.5711
1475,152.619,10.4778
1476,146.540,10.3072
1477,139.270,9.8049
1478,133.127,9.3139
1479,126.048,8.8908
1480,119.302,8.4530
1481,113.921,8.0102
1482,109.556,7.6975
1483,104.317,7.2855
1484,100.095,7.0316
1485,95.635,6.6867
1486,92.190,6.4095
1487,88.524,6.1795
1488,85.302,6.0256
1489,82.079,5.7273
1490,79.460,5.5384
1491,76.587,5.3079
1492,74.317,5.1554
1493,71.825,5.0008
1494,69.111,4.7355
1495,67.286,4.6618
1496,65.000,4.4398
1497,62.889,4.2932
1498,61.238,4.1810
1499,58.635,3.9871
1500,57.603,3.8990
1501,56.095,3.8068
1502,54.571,3.6390
1503,52.841,3.5443
1504,51.825,3.4429
1505,50.413,3.3275
1506,49.619,3.2784
1507,47.952,3.1575
1508,47.111,3.0881
1509,46.333,3.0308
1510,45.635,2.9685
1511,44.619,2.9247
1512,43.206,2.8676
1513,42.952,2.8000
1514,42.175,2.7201
1515,41.333,2.6700
1516,40.476,2.6082
1517,39.619,2.5129
1518,38.825,2.4789
1519,38.095,2.4072
1520,37.476,2.3660
1521,36.984,2.3412
1522,36.254,2.2811
1523,35.841,2.2162
1524,35.190,2.1867
1525,34.556,2.1414
1526,34.206,2.1033
1527,33.413,2.1015
1528,33.016,2.0328
1529,32.397,1.9827
1530,31.889,1.9409
1531,31.825,1.9395
1532,31.270,1.8795
1533,30.841,1.8733
1534,30.603,1.8408
1535,30.413,1.8253
1536,30.460,1.8257
1537,29.937,1.8014
1538,29.873,1.8055
1539,29.413,1.7758
1540,28.937,1.7426
1541,29.032,1.7501
1542,28.349,1.7136
1543,28.238,1.6795
1544,28.349,1.6997
1545,27.937,1.6760
1546,27.714,1.6454
1547,27.635,1.6355
1548,27.603,1.6260
1549,27.159,1.6327
1550,26.825,1.5961
1551,26.937,1.5906
1552,27.063,1.5999
1553,26.667,1.5798
1554,26.651,1.5804
1555,26.508,1.5752
1556,26.413,1.5547
1557,26.492,1.5690
1558,26.714,1.5715
1559,26.381,1.5448
1560,26.270,1.5369
1561,26.175,1.5199
1562,26.079,1.5134
1563,25.810,1.5226
1564,25.937,1.5355
1565,26.063,1.5428
1566,26.159,1.5434
1567,26.159,1.5587
1568,25.810,1.5245
1569,26.079,1.5224
1570,26.000,1.5136
1571,26.079,1.5188
1572,26.063,1.5078
1573,26.175,1.5170
1574,26.270,1.5304
1575,26.190,1.5418
1576,26.206,1.5297
1577,26.302,1.5291
1578,26.714,1.5269
1579,26.698,1.5030
1580,26.302,1.5253
1581,26.254,1.5330
1582,26.651,1.5374
1583,26.603,1.5331
1584,27.016,1.5511
1585,27.333,1.5508
1586,27.381,1.5468
1587,27.603,1.5928
1588,27.381,1.5463
1589,27.444,1.5656
1590,27.794,1.5980
1591,28.571,1.6611
1592,28.254,1.6190
1593,28.746,1.6495
1594,29.032,1.6835
1595,29.286,1.6857
1596,29.587,1.7134
1597,29.635,1.7116
1598,29.873,1.7043
1599,30.381,1.7308
1600,30.714,1.7671
1601,31.460,1.8075
1602,31.556,1.7959
1603,32.000,1.8309
1604,32.302,1.8499
1605,32.381,1.8722
1606,33.413,1.9269
1607,33.698,1.9668
1608,34.143,1.9920
1609,34.619,1.9944
1610,35.587,2.0652
1611,36.000,2.0804
1612,35.921,2.0617
1613,36.984,2.1939
1614,37.508,2.2457
1615,38.302,2.2836
1616,39.000,2.3107
1617,39.667,2.3626
1618,40.381,2.3981
1619,40.984,2.3994
1620,42.381,2.5006
1621,43.238,2.5891
1622,44.095,2.6002
1623,45.000,2.6574
1624,45.540,2.7202
1625,46.159,2.7610
1626,47.286,2.8333
1627,48.968,2.9583
1628,50.095,3.0251
1629,51.444,3.0908
1630,52.587,3.1523
1631,53.317,3.1649
1632,54.921,3.3367
1633,56.302,3.4218
1634,57.746,3.5382
1635,59.270,3.5634
1636,60.952,3.7571
1637,62.143,3.8144
1638,63.540,3.9297
1639,65.270,4.0116
1640,67.492,4.1790
1641,69.460,4.2821
1642,71.079,4.3594
1643,74.222,4.5762
1644,76.714,4.7848
1645,79.730,4.9260
1646,81.349,5.0310
1647,83.603,5.1876
1648,86.317,5.3748
1649,88.921,5.5565
1650,91.111,5.7117
1651,93.730,5.8414
1652,97.921,6.1900
1653,101.492,6.4055
1654,105.317,6.6296
1655,108.825,6.8981
1656,113.683,7.2365
1657,118.302,7.4209
1658,122.778,7.8147
1659,127.651,8.1608
1660,133.000,8.5238
1661,138.365,8.8550
1662,142.714,9.1500
1663,147.302,9.4829
1664,151.730,9.6958
1665,155.651,9.9142
1666,159.143,9.9883
1667,162.778,10.0011
1668,165.984,10.0792
1669,169.397,10.0494
1670,172.175,10.0424
1671,175.698,9.9914
1672,179.111,9.9129
1673,181.905,9.8089
1674,184.905,9.7186
1675,187.143,9.6173
1676,189.492,9.5067
1677,191.778,9.4043
1678,193.206,9.3498
1679,195.016,9.2553
1680,196.683,9.1512
1681,198.222,9.1072
1682,199.571,8.9955
1683,200.746,8.9206
1684,201.635,8.8618
1685,202.540,8.8176
1686,203.587,8.6805
1687,204.222,8.6297
1688,204.302,8.5678
1689,204.635,8.5081
1690,204.238,8.5257
1691,203.857,8.6083
1692,203.413,8.6260
1693,202.683,8.6803
1694,202.175,8.7025
1695,201.508,8.8037
1696,200.222,8.7956
1697,198.698,8.9122
1698,197.190,8.9862
1699,195.365,9.1120
1700,193.349,9.2375
1701,191.254,9.3448
1702,188.968,9.4597
1703,186.873,9.5369
1704,184.349,9.7025
1705,181.762,9.8187
1706,178.937,9.9256
1707,174.889,10.0882
1708,171.698,10.1709
1709,167.762,10.2708
1710,163.048,10.3274
1711,157.746,10.2344
1712,152.095,10.0093
1713,145.143,9.7122
1714,137.238,9.1503
1715,129.825,8.6387
1716,124.429,8.2797
1717,118.857,7.8280
1718,113.016,7.3749
1719,107.429,6.9102
1720,103.206,6.5562
1721,98.889,6.2262
1722,95.095,5.9937
1723,91.016,5.6851
1724,87.889,5.4991
1725,85.048,5.3350
1726,82.349,5.2072
1727,80.000,5.0888
1728,77.063,4.8645
1729,74.032,4.6543
1730,71.333,4.4925
1731,68.937,4.3005
1732,66.619,4.1212
1733,63.778,3.8958
1734,61.333,3.7109
1735,59.524,3.6092
1736,57.175,3.4790
1737,54.746,3.3503
1738,52.492,3.2248
1739,50.810,3.1477
1740,49.063,3.0728
1741,47.365,3.0342
1742,46.127,3.0056
1743,44.698,2.9752
1744,43.413,2.8986
1745,42.444,2.9164
1746,40.778,2.8129
1747,39.365,2.7514
1748,39.048,2.7350
1749,38.032,2.6330
1750,37.413,2.5822
1751,36.651,2.5157
1752,35.619,2.3893
1753,35.302,2.3280
1754,35.206,2.2672
1755,34.556,2.1732
1756,34.492,2.1158
1757,34.381,2.0525
1758,34.238,2.0026
1759,33.746,1.9932
1760,33.667,1.9583
1761,33.603,1.9865
1762,33.016,1.9404
1763,32.492,1.9029
1764,32.016,1.9245
1765,31.175,1.8752
1766,30.778,1.8783
1767,30.063,1.8738
1768,29.238,1.8334
1769,28.778,1.8979
1770,28.032,1.7986
1771,27.571,1.8491
1772,27.032,1.8165
1773,26.651,1.8003
1774,25.857,1.7767
1775,25.571,1.7342
1776,25.095,1.7190
1777,25.063,1.7109
1778,24.587,1.6271
1779,24.540,1.6283
1780,24.127,1.5945
1781,23.762,1.5433
1782,23.730,1.5437
1783,23.714,1.5360
1784,23.333,1.5137
1785,23.587,1.5390
1786,23.397,1.5043
1787,23.143,1.5013
1788,23.000,1.4577
1789,23.413,1.4855
1790,23.048,1.4387
1791,23.365,1.4629
1792,23.810,1.4514
1793,24.016,1.4194
1794,24.286,1.4246
1795,24.444,1.4405
1796,24.524,1.4239
1797,24.413,1.4016
1798,24.460,1.4216
1799,24.794,1.4321
1800,24.556,1.4359
1801,24.698,1.4418
1802,24.921,1.4724
1803,24.889,1.4807
1804,25.095,1.4992
1805,24.921,1.4726
1806,24.698,1.4596
1807,24.683,1.4480
1808,24.651,1.4630
1809,24.524,1.4365
1810,24.349,1.4488
1811,23.857,1.4441
1812,23.810,1.4552
1813,23.714,1.4240
1814,24.016,1.4681
1815,24.032,1.4694
1816,24.556,1.4834
1817,24.683,1.4736
1818,25.238,1.5066
1819,25.524,1.4981
1820,25.873,1.5568
1821,26.317,1.5450
1822,26.889,1.6007
1823,27.206,1.5736
1824,27.540,1.6229
1825,27.794,1.6497
1826,28.159,1.6299
1827,28.381,1.6360
1828,28.540,1.6167
1829,28.746,1.6201
1830,28.873,1.6302
1831,29.381,1.6765
1832,29.921,1.6785
1833,30.286,1.7020
1834,30.794,1.7344
1835,30.952,1.7360
1836,31.524,1.7627
1837,31.603,1.7927
1838,32.048,1.8446
1839,32.159,1.8472
1840,32.302,1.8728
1841,32.159,1.8909
1842,32.746,1.9400
1843,32.333,1.8815
1844,32.651,1.9031
1845,32.667,1.9045
1846,32.921,1.9048
1847,33.571,1.9669
1848,33.857,2.0000
1849,34.651,2.0776
1850,35.238,2.0881
1851,36.365,2.1548
1852,37.159,2.2251
1853,37.873,2.2370
1854,38.730,2.2952
1855,39.508,2.3713
1856,40.222,2.4074
1857,41.508,2.4820
1858,42.286,2.5026
1859,43.111,2.6030
1860,43.571,2.5940
1861,43.841,2.6117
1862,44.190,2.6437
1863,45.460,2.7760
1864,46.175,2.8241
1865,47.238,2.8741
1866,47.968,2.9565
1867,48.730,2.9928
1868,50.159,3.0838
1869,51.286,3.1239
1870,52.968,3.2539
1871,54.603,3.3479
1872,56.254,3.4563
1873,57.714,3.5658
1874,59.460,3.6873
1875,60.603,3.7658
1876,61.317,3.8182
1877,62.746,3.9141
1878,64.698,4.0998
1879,66.238,4.1699
1880,68.270,4.2994
1881,70.079,4.3658
1882,72.270,4.5298
1883,74.762,4.7534
1884,77.556,4.9180
1885,79.730,5.0187
1886,82.524,5.2142
1887,85.413,5.4341
1888,88.190,5.6518
1889,90.984,5.8408
1890,93.952,6.0449
1891,97.762,6.3165
1892,100.460,6.4810
1893,103.730,6.6775
1894,107.365,6.9076
1895,110.508,7.1572
1896,114.476,7.3860
1897,119.730,7.6917
1898,123.810,8.0018
1899,128.222,8.3566
1900,132.698,8.7001
1901,137.889,9.0242
1902,142.540,9.3421
1903,147.921,9.6567
1904,152.317,9.8789
1905,156.746,10.0110
1906,160.587,10.1020
1907,164.762,10.1703
1908,167.857,10.1361
1909,170.524,10.0970
1910,173.714,10.0772
1911,176.603,10.0596
1912,178.952,9.9938
1913,181.730,9.9510
1914,183.857,9.8765
1915,186.984,9.7667
1916,188.873,9.6488
1917,191.365,9.5479
1918,192.619,9.4964
1919,194.349,9.4010
1920,195.571,9.3055
1921,196.968,9.2972
1922,198.968,9.1364
1923,200.413,9.0855
1924,201.603,8.9732
1925,202.317,8.9282
1926,203.079,8.8455
1927,203.619,8.8052
1928,204.333,8.7509
1929,204.032,8.7427
1930,204.651,8.7456
1931,204.683,8.7131
1932,204.365,8.6697
1933,203.810,8.6800
1934,203.365,8.7628
1935,202.270,8.7601
1936,202.016,8.8145
1937,200.524,8.8454
1938,199.333,8.9643
1939,197.651,9.0562
1940,195.524,9.1799
1941,193.556,9.3223
1942,191.333,9.4691
1943,189.254,9.5492
1944,187.159,9.6297
1945,183.778,9.8448
1946,180.349,9.9237
1947,176.635,10.0733
1948,173.698,10.1574
1949,170.286,10.1902
1950,166.111,10.2603
1951,161.048,10.2581
1952,156.444,10.1933
1953,150.540,10.0230
1954,144.270,9.7045
1955,136.937,9.2017
1956,130.460,8.7083
1957,124.238,8.2889
1958,118.714,7.9044
1959,113.413,7.5282
1960,107.794,7.1129
1961,103.810,6.8325
1962,99.302,6.4892
1963,95.810,6.3300
1964,91.460,6.0619
1965,88.460,5.8438
1966,85.476,5.6236
1967,82.524,5.3656
1968,80.016,5.2552
1969,77.429,5.0490
1970,75.143,4.8714
1971,71.778,4.6589
1972,69.889,4.5079
1973,67.667,4.3413
1974,65.698,4.2382
1975,63.381,4.1081
1976,61.444,3.9635
1977,59.825,3.7982
1978,57.984,3.6737
1979,56.429,3.5914
1980,55.063,3.4981
1981,53.730,3.3830
1982,52.349,3.2697
1983,51.540,3.2387
1984,49.937,3.1235
1985,48.825,3.0469
1986,48.095,2.9928
1987,46.952,2.8730
1988,45.921,2.8185
1989,44.778,2.7102
1990,44.444,2.7262
1991,43.238,2.6597
1992,42.714,2.6010
1993,41.873,2.5386
1994,41.254,2.4946
1995,40.508,2.4001
1996,39.873,2.3980
1997,39.302,2.3636
1998,38.889,2.3464
1999,37.810,2.2510
2000,37.508,2.2403
2001,36.921,2.2023
2002,36.444,2.1820
2003,35.460,2.0858
2004,35.349,2.0938
2005,34.794,2.0506
2006,34.444,2.0373
2007,33.810,1.9515
2008,33.540,1.9676
2009,33.254,1.9712
2010,32.746,1.9242
2011,32.476,1.8680
2012,32.175,1.8599
2013,31.873,1.8589
2014,31.508,1.8260
2015,31.143,1.8347
2016,31.000,1.7860
2017,30.476,1.7345
2018,30.032,1.7718
2019,30.048,1.7293
2020,29.730,1.7036
2021,29.508,1.7141
2022,29.206,1.6750
2023,29.111,1.6941
2024,28.794,1.6557
2025,28.556,1.6312
2026,28.381,1.6392
2027,28.397,1.6640
2028,28.381,1.6640
2029,28.079,1.6279
2030,27.841,1.6460
2031,27.667,1.6050
2032,27.571,1.5960
2033,27.444,1.5873
2034,27.476,1.5608
2035,26.937,1.5549
2036,27.127,1.5660
2037,27.095,1.5660
2038,27.048,1.5945
2039,26.667,1.5493
2040,26.603,1.5415
2041,26.857,1.5423
2042,26.841,1.5972
2043,26.508,1.5546
2044,26.683,1.5457
2045,26.492,1.5612
2046,26.460,1.5672
2047,26.317,1.5189
2048,26.508,1.5290
2049,26.413,1.5300
2050,26.556,1.5395
2051,26.921,1.5906
2052,26.984,1.5520
2053,26.746,1.5427
2054,26.540,1.5713
2055,26.413,1.5435
2056,26.540,1.4982
2057,26.571,1.5226
2058,26.587,1.5491
2059,26.603,1.5473
2060,26.635,1.5482
2061,26.651,1.5149
2062,27.286,1.5837
2063,27.381,1.5992
2064,27.444,1.5870
2065,27.460,1.5792
2066,27.397,1.5929
2067,27.841,1.6122
2068,28.032,1.6232
2069,28.238,1.6347
2070,28.111,1.6314
2071,28.556,1.6574
2072,28.825,1.6781
2073,29.063,1.7013
2074,29.254,1.6820
2075,29.206,1.6971
2076,29.730,1.7180
2077,29.667,1.7148
2078,30.127,1.7683
2079,30.286,1.7762
2080,30.698,1.7994
2081,30.603,1.8025
2082,31.159,1.8456
2083,31.556,1.8395
2084,32.238,1.8849
2085,32.603,1.9333
2086,32.889,1.9525
2087,33.397,2.0231
2088,34.111,2.0343
2089,34.127,2.0547
2090,34.302,2.0500
2091,34.746,2.0783
2092,35.556,2.1148
2093,36.175,2.1539
2094,36.825,2.2211
2095,37.127,2.2406
2096,37.667,2.3131
2097,37.714,2.2734
2098,38.698,2.3559
2099,39.889,2.4544
2100,40.365,2.4505
2101,41.143,2.5524
2102,41.873,2.5599
2103,42.571,2.6353
2104,43.429,2.6763
2105,44.127,2.6904
2106,45.238,2.7964
2107,46.317,2.8570
2108,46.667,2.8616
2109,48.286,2.9866
2110,49.444,3.1037
2111,50.238,3.1318
2112,51.714,3.2010
2113,52.730,3.2847
2114,54.159,3.3882
2115,55.127,3.4431
2116,56.810,3.5912
2117,58.079,3.6642
2118,59.905,3.7569
2119,61.667,3.8923
2120,63.794,4.0270
2121,65.095,4.1114
2122,66.921,4.2437
2123,69.095,4.4343
2124,71.365,4.5679
2125,72.222,4.6291
2126,74.825,4.7647
2127,77.778,4.9942
2128,80.143,5.1766
2129,82.540,5.3098
2130,84.651,5.4329
2131,87.873,5.6963
2132,91.222,5.9399
2133,93.238,6.0352
2134,96.270,6.2275
2135,100.365,6.5291
2136,104.175,6.8339
2137,107.222,7.0438
2138,111.175,7.2699
2139,114.476,7.5242
2140,119.381,7.8342
2141,122.968,7.9594
2142,128.063,8.4842
2143,133.159,8.7702
2144,137.206,9.1205
2145,142.540,9.4677
2146,147.143,9.6830
2147,151.206,9.8822
2148,155.302,10.0606
2149,159.524,10.1571
2150,163.222,10.2518
2151,166.159,10.2793
2152,169.397,10.2703
2153,172.333,10.2391
2154,175.206,10.2538
2155,177.556,10.2006
2156,180.556,10.0903
2157,182.603,10.0391
2158,184.841,9.9369
2159,186.905,9.8430
2160,188.698,9.8250
2161,190.492,9.7489
2162,193.222,9.5970
2163,194.603,9.4907
2164,195.921,9.4562
2165,197.603,9.3487
2166,199.016,9.2628
2167,200.175,9.2059
2168,201.238,9.1212
2169,201.810,9.1070
2170,202.810,9.0114
2171,203.571,9.0061
2172,204.270,8.9585
2173,204.254,8.9242
2174,204.397,8.9274
2175,204.508,8.8407
2176,204.381,8.8379
2177,204.063,8.8784
2178,203.095,8.9174
2179,202.921,8.9078
2180,201.889,8.9714
2181,200.540,9.0425
2182,198.921,9.1625
2183,197.746,9.2112
2184,195.778,9.3080
2185,194.143,9.3878
2186,192.381,9.5154
2187,189.937,9.6649
2188,186.952,9.7731
2189,184.444,9.8964
2190,181.222,10.0239
2191,178.556,10.0618
2192,175.270,10.2418
2193,170.905,10.2770
2194,167.111,10.3517
2195,162.238,10.3054
2196,157.476,10.2356
2197,151.619,10.0513
2198,143.952,9.5709
2199,137.810,9.1278
2200,131.587,8.7114
2201,125.476,8.3434
2202,119.222,7.9444
2203,113.952,7.5211
2204,108.349,7.1098
2205,104.048,6.8572
2206,100.254,6.6127
2207,96.825,6.3790
2208,92.905,6.0917
2209,89.349,5.9117
2210,86.540,5.6556
2211,83.524,5.4302
2212,80.937,5.2420
2213,77.810,5.0761
2214,75.270,4.8708
2215,73.111,4.7499
2216,70.762,4.5828
2217,68.000,4.3073
2218,65.921,4.1951
2219,64.492,4.1556
2220,62.603,4.0016
2221,60.159,3.7630
2222,58.778,3.7020
2223,57.683,3.6445
2224,56.048,3.5552
2225,54.032,3.3237
2226,53.032,3.3351
2227,51.714,3.2613
2228,50.714,3.1681
2229,49.254,3.0509
2230,48.810,3.0311
2231,47.746,2.9444
2232,46.857,2.8950
2233,46.413,2.8857
2234,44.968,2.7917
2235,44.159,2.7100
2236,43.444,2.6426
2237,42.571,2.5602
2238,42.270,2.5677
2239,41.032,2.4577
2240,40.444,2.4541
2241,39.524,2.3807
2242,39.063,2.3495
2243,38.317,2.2733
2244,37.762,2.2583
2245,37.381,2.2427
2246,36.810,2.2232
2247,35.905,2.1252
2248,36.143,2.1519
2249,35.254,2.0890
2250,34.476,2.0300
2251,34.714,2.0612
2252,34.190,1.9570
2253,33.905,2.0165
2254,33.556,1.9817
2255,32.651,1.9141
2256,32.651,1.8894
2257,32.540,1.8979
2258,31.921,1.8517
2259,31.683,1.8450
2260,31.159,1.8123
2261,31.254,1.8266
2262,30.444,1.7565
2263,30.238,1.7395
2264,29.873,1.7487
2265,30.032,1.7472
2266,29.571,1.7109
2267,29.571,1.7400
2268,29.317,1.6514
2269,29.175,1.7055
2270,28.778,1.6595
2271,28.603,1.6740
2272,28.413,1.6537
2273,28.302,1.6451
2274,28.349,1.6343
2275,28.238,1.6431
2276,27.651,1.5896
2277,28.032,1.6330
2278,27.556,1.6050
2279,27.540,1.6268
2280,27.714,1.6122
2281,27.143,1.6019
2282,27.524,1.6115
2283,27.238,1.5968
2284,27.143,1.5841
2285,27.206,1.5602
2286,26.857,1.5526
2287,26.905,1.5789
2288,27.000,1.5946
2289,27.048,1.5911
2290,26.937,1.5917
2291,26.825,1.5813
2292,26.841,1.5505
2293,27.016,1.5727
2294,26.873,1.5746
2295,26.762,1.5590
2296,26.635,1.5714
2297,26.619,1.5510
2298,26.698,1.5652
2299,26.667,1.5636
2300,26.810,1.5392
2301,26.667,1.5354
2302,26.873,1.5639
2303,26.444,1.5475
2304,26.762,1.5685
2305,26.857,1.5420
2306,27.016,1.5688
2307,27.000,1.5692
2308,27.063,1.5314
2309,27.159,1.5520
2310,27.206,1.5489
2311,27.413,1.6026
2312,27.540,1.6063
2313,27.952,1.6338
2314,27.921,1.6046
2315,27.857,1.6077
2316,28.079,1.5967
2317,28.254,1.6599
2318,28.349,1.6383
2319,28.683,1.6495
2320,28.746,1.6553
2321,29.095,1.6951
2322,29.492,1.7100
2323,29.667,1.7507
2324,30.127,1.7745
2325,30.429,1.7940
2326,30.778,1.8217
2327,30.905,1.8017
2328,31.270,1.8464
2329,31.794,1.8478
2330,32.111,1.9064
2331,32.508,1.9040
2332,33.016,1.9341
2333,33.254,1.9388
2334,33.762,2.0020
2335,34.286,2.0302
2336,35.016,2.0901
2337,35.349,2.1247
2338,35.778,2.1585
2339,36.206,2.1874
2340,37.016,2.2328
2341,37.413,2.2993
2342,38.190,2.3196
2343,38.175,2.3100
2344,39.349,2.4108
2345,39.508,2.4163
2346,40.222,2.4532
2347,41.079,2.5125
2348,41.825,2.5519
2349,42.143,2.5936
2350,43.143,2.6618
2351,43.730,2.7245
2352,44.540,2.7514
2353,45.270,2.8246
2354,46.190,2.8667
2355,46.968,2.9391
2356,48.302,3.0126
2357,49.333,3.0980
2358,50.190,3.1454
2359,51.397,3.2544
2360,52.587,3.3160
2361,53.921,3.3839
2362,55.190,3.5036
2363,56.413,3.5931
2364,58.302,3.7118
2365,59.333,3.7712
2366,61.016,3.9080
2367,62.667,4.0383
2368,64.270,4.1179
2369,65.921,4.1892
2370,68.349,4.3887
2371,70.524,4.5032
2372,72.857,4.6930
2373,74.254,4.8427
2374,76.476,4.9772
2375,79.016,5.0972
2376,81.508,5.2788
2377,84.762,5.5710
2378,86.635,5.6707
2379,89.603,5.8841
2380,92.746,6.0399
2381,95.540,6.2777
2382,97.873,6.4726
2383,101.349,6.6896
2384,105.333,6.9450
2385,112.206,7.2921
2386,112.667,7.4721
2387,116.810,7.8036
2388,120.381,8.0244
2389,124.333,8.3057
2390,129.175,8.5601
2391,133.683,8.9148
2392,139.095,9.3117
2393,143.317,9.6101
2394,147.921,9.9418
2395,152.270,10.1943
2396,156.429,10.2728
2397,160.270,10.3349
2398,163.349,10.3880
2399,166.651,10.3936
2400,169.905,10.3881
2401,172.413,10.3788
2402,174.825,10.3479
2403,177.254,10.3028
2404,179.508,10.2334
2405,181.524,10.2309
2406,183.889,10.1800
2407,186.127,10.0496
2408,187.429,10.0016
2409,189.889,9.9228
2410,191.952,9.8372
2411,193.286,9.7914
2412,194.619,9.7043
2413,195.762,9.6257
2414,197.111,9.5524
2415,198.365,9.4823
2416,199.127,9.4442
2417,200.175,9.3774
2418,200.444,9.3918
2419,201.587,9.2989
2420,201.492,9.3039
2421,202.000,9.2595
2422,201.984,9.2665
2423,201.476,9.3003
2424,201.222,9.2997
2425,200.778,9.2945
2426,200.143,9.3516
2427,198.937,9.4453
2428,198.333,9.4652
2429,196.968,9.5102
2430,196.000,9.5929
2431,194.397,9.6618
2432,193.127,9.7188
2433,191.381,9.7946
2434,189.397,9.9204
2435,187.476,10.0232
2436,185.016,10.1117
2437,182.048,10.1761
2438,178.952,10.3284
2439,175.048,10.4334
2440,172.063,10.4692
2441,168.349,10.5004
2442,164.238,10.5331
2443,159.730,10.4913
2444,154.190,10.3416
2445,147.556,10.0872
2446,140.460,9.6532
2447,133.175,9.1394
2448,126.730,8.6166
2449,121.540,8.2245
2450,115.698,7.8102
2451,110.873,7.4703
2452,106.556,7.1697
2453,101.429,6.8180
2454,97.714,6.5287
2455,93.984,6.2869
2456,90.619,6.0948
2457,86.762,5.8756
2458,84.349,5.6819
2459,81.524,5.4697
2460,79.349,5.2801
2461,76.587,5.1094
2462,74.349,4.9731
2463,71.508,4.7407
2464,69.873,4.6568
2465,66.365,4.3581
2466,64.302,4.2676
2467,62.587,4.1372
2468,61.048,3.9755
2469,59.365,3.9132
2470,57.365,3.7553
2471,55.921,3.6185
2472,54.667,3.5829
2473,53.381,3.4975
2474,51.984,3.3594
2475,50.937,3.2734
2476,49.778,3.2126
2477,48.778,3.1453
2478,47.683,3.0599
2479,46.381,2.9921
2480,45.952,2.9648
2481,45.095,2.8694
2482,43.508,2.7794
2483,43.254,2.7294
2484,42.175,2.6672
2485,41.635,2.6364
2486,40.508,2.5189
2487,39.984,2.4842
2488,39.603,2.4633
2489,38.714,2.3744
2490,38.206,2.3818
2491,37.714,2.3566
2492,37.238,2.3034
2493,36.825,2.3132
2494,36.444,2.2460
2495,35.714,2.2254
2496,35.317,2.1789
2497,34.619,2.1330
2498,34.206,2.0710
2499,33.429,2.0450
2500,33.254,2.0121
2501,32.921,1.9880
2502,32.571,1.9865
2503,32.286,1.9690
2504,32.063,1.9803
2505,31.667,1.9427
2506,30.952,1.8786
2507,30.778,1.8821
2508,30.683,1.8317
2509,30.571,1.8703
2510,30.333,1.8343
2511,29.937,1.8309
2512,29.492,1.7498
2513,29.206,1.7556
2514,29.651,1.7838
2515,29.048,1.7716
2516,29.048,1.7476
2517,28.587,1.7219
2518,28.302,1.6954
2519,28.476,1.7463
2520,28.032,1.7019
2521,28.032,1.6844
2522,27.794,1.6679
2523,27.556,1.6953
2524,27.333,1.6873
2525,27.540,1.6816
2526,27.095,1.6361
2527,27.238,1.6622
2528,27.032,1.6481
2529,27.127,1.6326
2530,26.857,1.6439
2531,26.984,1.6604
2532,26.571,1.6234
2533,26.429,1.5909
2534,26.603,1.6146
2535,26.492,1.5984
2536,26.651,1.5940
2537,26.476,1.5765
2538,26.302,1.5829
2539,25.937,1.5891
2540,26.286,1.5848
2541,26.111,1.5859
2542,26.365,1.5845
2543,26.302,1.6041
2544,26.349,1.6033
2545,25.984,1.5351
2546,26.270,1.6009
2547,26.286,1.5945
2548,26.444,1.5682
2549,26.111,1.5704
2550,26.143,1.5467
2551,26.286,1.5772
2552,26.127,1.5663
2553,26.444,1.5698
2554,26.270,1.5766
2555,26.286,1.5644
2556,26.317,1.5721
2557,26.571,1.6229
2558,26.857,1.6066
2559,27.127,1.6162
2560,26.794,1.6089
2561,26.794,1.6079
2562,27.095,1.6227
2563,26.984,1.6157
2564,27.381,1.6502
2565,27.381,1.6340
2566,27.698,1.6660
2567,27.730,1.6715
2568,28.254,1.7112
2569,28.286,1.6952
2570,28.286,1.6955
2571,28.556,1.7033
2572,29.111,1.7362
2573,29.032,1.7297
2574,29.460,1.7817
2575,29.683,1.7504
2576,30.127,1.8018
2577,30.524,1.8497
2578,30.476,1.8581
2579,31.032,1.8836
2580,31.381,1.9157
2581,32.063,1.9486
2582,32.016,1.9429
2583,33.048,2.0400
2584,33.063,2.0088
2585,33.238,2.0534
2586,33.730,2.0909
2587,34.238,2.1257
2588,34.397,2.1438
2589,34.841,2.1484
2590,35.810,2.2362
2591,35.698,2.2291
2592,36.476,2.2758
2593,37.063,2.3460
2594,37.603,2.3642
2595,37.889,2.3466
2596,38.444,2.4054
2597,39.063,2.4487
2598,39.746,2.5029
2599,40.381,2.5770
2600,41.270,2.6141
2601,41.921,2.6610
2602,42.238,2.6877
2603,43.302,2.7604
2604,44.413,2.8391
2605,45.143,2.8763
2606,45.810,2.9447
2607,47.333,3.0494
2608,48.238,3.0990
2609,48.857,3.1532
2610,50.365,3.2439
2611,51.603,3.3671
2612,52.349,3.3690
2613,53.603,3.4595
2614,55.175,3.6200
2615,56.508,3.7004
2616,58.190,3.8107
2617,60.048,3.9534
2618,61.524,4.0494
2619,63.079,4.1281
2620,65.175,4.2837
2621,66.746,4.3890
2622,69.032,4.5882
2623,70.635,4.7297
2624,72.460,4.7675
2625,74.810,4.9822
2626,76.921,5.1344
2627,78.841,5.3152
2628,81.444,5.4401
2629,83.794,5.6279
2630,87.317,5.9303
2631,89.635,6.0676
2632,92.968,6.2527
2633,95.873,6.5067
2634,98.016,6.6924
2635,101.556,6.9568
2636,105.095,7.2348
2637,108.460,7.4518
2638,112.778,7.7467
2639,116.206,7.9973
2640,119.571,8.2042
2641,124.095,8.5483
2642,128.206,8.8343
2643,132.746,9.1682
2644,137.698,9.4851
2645,141.810,9.7853
2646,147.778,10.1947
2647,150.857,10.3910
2648,155.159,10.5050
2649,158.048,10.5744
2650,161.746,10.6472
2651,164.000,10.6786
2652,167.508,10.6963
2653,169.857,10.6846
2654,172.413,10.6367
2655,175.222,10.5705
2656,177.429,10.5349
2657,179.714,10.5089
2658,181.730,10.4281
2659,183.667,10.3545
2660,185.825,10.3125
2661,187.524,10.2671
2662,188.698,10.2136
2663,190.222,10.1275
2664,191.222,10.1093
2665,192.492,10.0618
2666,193.698,9.9972
2667,194.333,9.9449
2668,195.190,9.9083
2669,196.254,9.8576
2670,196.952,9.8337
2671,197.190,9.7974
2672,198.254,9.7568
2673,198.794,9.7547
2674,198.524,9.7046
2675,198.476,9.7022
2676,198.381,9.7189
2677,197.762,9.6972
2678,197.159,9.7181
2679,196.762,9.7512
2680,196.079,9.7944
2681,195.190,9.8317
2682,193.571,9.9267
2683,192.444,9.9622
2684,190.349,10.0773
2685,188.429,10.1610
2686,186.413,10.2581
2687,184.063,10.3023
2688,181.365,10.4428
2689,178.460,10.5070
2690,175.444,10.6348
2691,172.857,10.6672
2692,169.111,10.7146
2693,165.016,10.7645
2694,161.317,10.7694
2695,155.921,10.6596
2696,151.349,10.5046
2697,144.984,10.2072
2698,138.603,9.7992
2699,130.746,9.2193
2700,124.603,8.7808
2701,118.460,8.3614
2702,113.032,7.8883
2703,107.206,7.4778
2704,102.841,7.1424
2705,98.143,6.8091
2706,94.254,6.5673
2707,90.571,6.2749
2708,87.365,6.0434
2709,84.032,5.7684
2710,81.952,5.6655
2711,79.270,5.4678
2712,76.968,5.2881
2713,74.238,5.1439
2714,72.000,5.0064
2715,69.587,4.8216
2716,66.984,4.6192
2717,65.286,4.4673
2718,62.841,4.2838
2719,61.429,4.2182
2720,59.508,4.0530
2721,57.730,3.9106
2722,55.857,3.7679
2723,54.429,3.6373
2724,52.905,3.5345
2725,51.254,3.4039
2726,50.111,3.2792
2727,48.571,3.2034
2728,47.508,3.1496
2729,46.905,3.0763
2730,46.048,3.0819
2731,45.032,2.9611
2732,44.095,2.9057
2733,43.921,2.9338
2734,42.746,2.8516
2735,41.968,2.7904
2736,40.825,2.6475
2737,40.206,2.6218
2738,39.619,2.6106
2739,39.143,2.5439
2740,38.222,2.4946
2741,37.714,2.4789
2742,37.143,2.3977
2743,36.556,2.3737
2744,35.794,2.2804
2745,35.175,2.2372
2746,34.937,2.2227
2747,34.571,2.2386
2748,34.143,2.1541
2749,33.667,2.0956
2750,33.286,2.0872
2751,32.746,2.0471
2752,32.587,2.0618
2753,32.524,2.0305
2754,31.984,1.9553
2755,31.476,1.9138
2756,31.476,1.9545
2757,31.159,1.9090
2758,30.762,1.8786
2759,30.365,1.8431
2760,30.143,1.8390
2761,30.127,1.8262
2762,29.762,1.8454
2763,29.016,1.7739
2764,28.603,1.7398
2765,28.746,1.7859
2766,28.429,1.7843
2767,28.238,1.7372
2768,28.016,1.7575
2769,27.746,1.7322
2770,27.556,1.7342
2771,27.254,1.7153
2772,27.270,1.7244
2773,27.079,1.7050
2774,27.032,1.6531
2775,26.778,1.6647
2776,26.857,1.6580
2777,26.381,1.6173
2778,26.683,1.6120
2779,26.429,1.5745
2780,26.238,1.5761
2781,26.016,1.5944
2782,25.825,1.6137
2783,25.571,1.5575
2784,25.667,1.5893
2785,25.429,1.5954
2786,25.730,1.6077
2787,25.286,1.5578
2788,25.397,1.5807
2789,25.429,1.5701
2790,25.365,1.5334
2791,25.270,1.5653
2792,25.317,1.5582
2793,25.206,1.5240
2794,25.302,1.5603
2795,25.190,1.5400
2796,25.429,1.5708
2797,25.127,1.5464
2798,25.127,1.5803
2799,25.254,1.5248
2800,25.286,1.5578
2801,25.286,1.5560
2802,25.143,1.5534
2803,25.603,1.5963
2804,25.111,1.5459
2805,25.603,1.5879
2806,25.571,1.5881
2807,25.651,1.5617
2808,25.556,1.5677
2809,25.587,1.5717
2810,25.556,1.5625
2811,25.841,1.5697
2812,25.651,1.5651
2813,25.698,1.5743
2814,25.937,1.5806
2815,26.254,1.6180
2816,26.016,1.5863
2817,26.365,1.6352
2818,26.587,1.6456
2819,26.492,1.6174
2820,26.476,1.6117
2821,26.698,1.6507
2822,27.159,1.7210
2823,27.381,1.6680
2824,27.635,1.7282
2825,27.746,1.7162
2826,27.937,1.7381
2827,27.889,1.7208
2828,28.508,1.7390
2829,28.603,1.7657
2830,28.429,1.7562
2831,29.111,1.8018
2832,29.302,1.8415
2833,29.587,1.8168
2834,29.762,1.8480
2835,30.333,1.9037
2836,30.540,1.8943
2837,31.032,1.9111
2838,31.460,1.9585
2839,31.794,1.9854
2840,32.190,2.0311
2841,32.349,2.0333
2842,33.302,2.1063
2843,33.349,2.1118
2844,34.286,2.1579
2845,34.556,2.1796
2846,35.143,2.2036
2847,35.667,2.2946
2848,35.857,2.2770
2849,36.619,2.3191
2850,37.540,2.3948
2851,37.825,2.4163
2852,38.651,2.4854
2853,39.159,2.4829
2854,40.317,2.5707
2855,40.651,2.5882
2856,41.492,2.6655
2857,42.063,2.6888
2858,43.730,2.8248
2859,44.270,2.8990
2860,44.794,2.9031
2861,45.698,2.9733
2862,46.667,3.0614
2863,47.746,3.1401
2864,48.841,3.2016
2865,49.492,3.2399
2866,50.619,3.3374
2867,51.429,3.3802
2868,53.444,3.5127
2869,53.937,3.5749
2870,55.317,3.6552
2871,56.556,3.7565
2872,57.889,3.8626
2873,59.492,3.9734
2874,60.841,4.0403
2875,62.238,4.1856
2876,64.286,4.2878
2877,66.365,4.4771
2878,68.413,4.5830
2879,70.048,4.7279
2880,71.603,4.7971
2881,73.556,4.9545
2882,75.825,5.1596
2883,77.937,5.2633
2884,80.063,5.4081
2885,82.984,5.6240
2886,85.889,5.8212
2887,88.063,5.9463
2888,91.873,6.2861
2889,94.492,6.5015
2890,97.048,6.7130
2891,99.873,6.8181
2892,103.587,7.1117
2893,107.032,7.3185
2894,110.032,7.5660
2895,113.730,7.8254
2896,118.016,8.1861
2897,122.714,8.4998
2898,127.175,8.8156
2899,130.032,9.0011
2900,134.762,9.3662
2901,140.317,9.7978
2902,145.460,10.1293
2903,149.079,10.3996
2904,152.492,10.5297
2905,156.476,10.6009
2906,160.238,10.6983
2907,162.952,10.7495
2908,165.524,10.7182
2909,168.524,10.8043
2910,170.698,10.7536
2911,172.968,10.7489
2912,176.016,10.6837
2913,177.492,10.6915
2914,179.714,10.6217
2915,181.556,10.5893
2916,183.571,10.5462
2917,185.048,10.4623
2918,186.683,10.4133
2919,188.127,10.3770
2920,189.746,10.3135
2921,190.540,10.3235
2922,191.635,10.2634
2923,192.540,10.1712
2924,193.825,10.0893
2925,194.143,10.0581
2926,194.683,10.0381
2927,195.524,10.0242
2928,196.190,9.9525
2929,196.603,9.9448
2930,196.048,10.0060
2931,196.286,10.0293
2932,196.222,9.9686
2933,195.619,10.0002
2934,195.317,10.0011
2935,194.762,9.9796
2936,194.000,10.0685
2937,192.460,10.1388
2938,191.921,10.1808
2939,190.349,10.1889
2940,188.825,10.2490
2941,186.841,10.3485
2942,184.825,10.4320
2943,182.587,10.4916
2944,180.048,10.5512
2945,177.238,10.6499
2946,174.873,10.6886
2947,171.159,10.7757
2948,167.921,10.7943
2949,163.905,10.7462
2950,159.571,10.6681
2951,155.206,10.6164
2952,149.762,10.4204
2953,142.778,9.9748
2954,136.063,9.4924
2955,129.540,8.9473
2956,122.556,8.4861
2957,116.841,8.0960
2958,111.222,7.7226
2959,105.937,7.3092
2960,100.873,6.9493
2961,97.032,6.7183
2962,93.365,6.3998
2963,89.143,6.0745
2964,86.508,5.9160
2965,82.889,5.7117
2966,79.984,5.5154
2967,77.302,5.3428
2968,74.444,5.1267
2969,72.048,4.9376
2970,70.206,4.7589
2971,68.222,4.5706
2972,65.968,4.4577
2973,63.476,4.3051
2974,61.683,4.1454
2975,60.302,4.0491
2976,58.968,3.9568
2977,56.778,3.7847
2978,55.619,3.7016
2979,54.095,3.5959
2980,52.111,3.4291
2981,50.857,3.3620
2982,49.460,3.2314
2983,47.905,3.1453
2984,47.302,3.1072
2985,46.476,3.0289
2986,45.063,2.9330
2987,43.619,2.8124
2988,43.349,2.7857
2989,42.381,2.7747
2990,41.175,2.6335
2991,40.397,2.5786
2992,40.079,2.5846
2993,39.063,2.4855
2994,38.714,2.4563
2995,38.063,2.4330
2996,37.603,2.3753
2997,36.857,2.3492
2998,36.254,2.3037
2999,35.413,2.2190
3000,35.143,2.2407
3001,34.333,2.1737
3002,34.063,2.1263
3003,33.603,2.1324
3004,33.000,2.0379
3005,32.635,2.0320
3006,31.984,1.9890
3007,31.825,1.9940
3008,31.730,1.9279
3009,30.444,1.8777
3010,30.571,1.8942
3011,30.317,1.8695
3012,29.762,1.8204
3013,29.571,1.7929
3014,29.048,1.7977
3015,28.889,1.7695
3016,28.254,1.6809
3017,28.206,1.7253
3018,28.048,1.7223
3019,27.524,1.6768
3020,27.746,1.6826
3021,27.095,1.6271
3022,27.238,1.6419
3023,26.667,1.6199
3024,26.635,1.6173
3025,26.317,1.6099
3026,26.016,1.5699
3027,25.937,1.5763
3028,25.921,1.5937
3029,25.889,1.5607
3030,25.413,1.5461
3031,25.286,1.5454
3032,25.159,1.5158
3033,25.079,1.5286
3034,24.825,1.5150
3035,25.095,1.5256
3036,24.778,1.5014
3037,24.730,1.4790
3038,24.333,1.5071
3039,24.667,1.5225
3040,24.286,1.4973
